menuenter_title,{loaderName} —É—Å—Ç–∞–Ω–æ–≤–ª–µ–Ω!
menuenter_desc,"–í—ã —É—Å–ø–µ—à–Ω–æ —É—Å—Ç–∞–Ω–æ–≤–∏–ª–∏ {loaderName}! –ò–Ω—Ç–µ—Ä—Ñ–µ–π—Å {loaderName} —É–∂–µ –¥–æ–ª–∂–µ–Ω –±—ã—Ç—å –Ω–∞ –≤–∞—à–µ–º —ç–∫—Ä–∞–Ω–µ. –ù–µ –∑–∞–±—ã–≤–∞–π {loaderName} —Å–æ–∑–¥–∞–µ—Ç—Å—è –æ–¥–Ω–∏–º —á–µ–ª–æ–≤–µ–∫–æ–º, –Ω–µ –≤—Å–µ –±—É–¥–µ—Ç —Ä–∞–±–æ—Ç–∞—Ç—å —Ç–∞–∫ - –∫–∞–∫ –¥–æ–ª–∂–Ω–æ, –±–∞–≥–∏ —Ç–æ–∂–µ –∂–µ –Ω–∏–∫—Ç–æ –Ω–µ –∏—Å–∫–ª—é—á–∞–ª\n–ï—Å–ª–∏ —É —Ç–µ–±—è –µ—Å—Ç—å –≤–æ–ø—Ä–æ—Å—ã –∏–ª–∏ –ø—Ä–µ–¥–ª–æ–∂–µ–Ω–∏—è —Ç—ã –º–æ–∂–µ—à—å –ø–µ—Ä–µ–π—Ç–∏ –Ω–∞ –Ω–∞—à –¥–∏—Å–∫–æ—Ä–¥ —Å–µ—Ä–≤–µ—Ä, —Ç–∞–º —Ç–∞–∫ –∂–µ –º–æ–∂–Ω–æ —Å–æ–æ–±—â–∏—Ç—å –æ–± –æ—à–∏–±–∫–∞—Ö —Å –∫–æ—Ç–æ—Ä—ã–º–∏ —Ç—ã —Å—Ç–æ–ª–∫–Ω—É–ª—Å—è. –í–µ—Å–µ–ª–∏—Å—å"
menuenter_desc_offline,{loaderName} –∑–∞–ø—É—â–µ–Ω –æ—Ñ—Ñ–ª–∞–π–Ω –≤ —Ä–µ–∂–∏–º–µ
continue_btn,–ü—Ä–æ–¥–æ–ª–∂–∏—Ç—å
close_btn,–ó–∞–∫—Ä—ã—Ç—å
fgc_title,–ê–ö–ö–£–†–ê–¢–ù–ï–ô!
fgc_desc,"–ü–æ—Ö–æ–∂–µ –≤ –¥–∞–Ω–Ω—ã–π –º–æ–º–µ–Ω—Ç –≤—ã –Ω–∞—Ö–æ–¥–∏—Ç–µ—Å—å –≤ –∫—Ä–µ–∞—Ç–∏–≤–µ. –ü–æ–∂–∞–ª—É–π—Å—Ç–∞, –∑–∞–≥—Ä—É–∑–∏—Ç–µ —Å—Ü–µ–Ω—É –≤ –¥–æ–ø. —Ä–µ–∂–∏–º–µ –∏–ª–∏ –≤—ã–π–¥–∏—Ç–µ –∏–∑ –Ω–µ–≥–æ –∏ –ø–æ–ø—Ä–æ–±—É–π—Ç–µ —Å–Ω–æ–≤–∞."
fgc_ok_btn,–ë–µ–∑ –ø—Ä–æ–±–ª–µ–º
config_title,–û–ô –û–ô
config_desc,"–ß—Ç–æ-—Ç–æ –Ω–µ —Ç–∞–∫ —Å–æ –∑–Ω–∞—á–µ–Ω–∏—è–º–∏ –≤ –∫–æ–Ω—Ñ–∏–≥–µ! –í—ã —É–≤–µ—Ä–µ–Ω—ã —á—Ç–æ –≤—Å–µ –ø—Ä–∞–≤–∏–ª—å–Ω–æ, –∏ –∫–æ–Ω—Ñ–∏–≥ –æ–±–Ω–æ–≤–ª–µ–Ω –¥–æ –ø–æ—Å–ª–µ–¥–Ω–µ–π –≤–µ—Ä—Å–∏–∏?\n\n–û—à–∏–±–∫–∞: {0}\n\n–ï—Å–ª–∏ –≤—ã –Ω–µ –º–æ–∂–µ—Ç–µ –∏—Å–ø—Ä–∞–≤–∏—Ç—å —ç—Ç—É –æ—à–∏–±–∫—É —Å–∞–º–æ—Å—Ç–æ—è—Ç–µ–ª—å–Ω–æ —É–¥–∞–ª–∏—Ç–µ –∫–æ–Ω—Ñ–∏–≥ –∏ –∏—Å–ø–æ–ª—å–∑—É–π—Ç–µ —Ç–æ—Ç —á—Ç–æ –∏–¥—ë—Ç —Å –º–æ–¥–æ–º –ø–æ —É–º–æ–ª—á–∞–Ω–∏—é (–æ–Ω –Ω–∞—Ö–æ–¥–∏—Ç—Å—è –≤ –ø–∞–ø–∫–µ {loaderName})"
failedscene_title,–ù–µ–≤–æ–∑–º–æ–∂–Ω–æ –∑–∞–≥—Ä—É–∑–∏—Ç—å —Ä–∞—É–Ω–¥!
failedscene_desc,"–ü–æ—Ö–æ–∂–µ —á—Ç–æ —Å—Ü–µ–Ω–∞ ""{0}"" –∫–æ—Ç–æ—Ä–∞—è –∏—Å–ø–æ–ª—å–∑—É–µ—Ç—Å—è –≤ —ç—Ç–æ–º —Ä–∞—É–Ω–¥–µ –æ—Ç—Å—É—Ç—Å—Ç–≤—É–µ—Ç –≤ —ç—Ç–æ–π –≤–µ—Ä—Å–∏–∏\n"
failedscene_success,–ü—Ä–µ–¥—ã–¥—É—â–∏–π —Ä–∞—É–Ω–¥ ({0}) –±—É–¥–µ—Ç –∑–∞–≥—Ä—É–∂–µ–Ω –ø–æ–≤—Ç–æ—Ä–Ω–æ.
failedscene_failed,–í—ã –±—É–¥–µ—Ç–µ –∑–∞–≥—Ä—É–∂–µ–Ω—ã –≤ –≥–ª–∞–≤–Ω–æ–µ –º–µ–Ω—é.
img2fgc_title,–û–°–¢–û–†–û–ñ–ù–ï–ô!
img2fgc_desc,"–ü—Ä–µ–∂–¥–µ —á–µ–º –∏—Å–ø–æ–ª—å–∑–æ–≤–∞—Ç—å —ç—Ç–æ—Ç –∏–Ω—Å—Ç—Ä—É–º–µ–Ω—Ç –ø—Ä–æ—á–∏—Ç–∞–π—Ç–µ —Ç–µ–∫—Å—Ç –Ω–∏–∂–µ!\n\n–ö–∞–∫ –∏—Å–ø–æ–ª—å–∑–æ–≤–∞—Ç—å\n–í ""–ò–º—è –∏–∑–æ–±—Ä–∞–∂–µ–Ω–∏—è"" –≤–≤–µ–¥–∏—Ç–µ –∏–º—è –∏–∑–æ–±—Ä–∞–∂–µ–Ω–∏—è –∫–æ—Ç–æ—Ä–æ–µ –Ω–∞—Ö–æ–¥–∏—Ç—Å—è –≤ –ø–∞–ø–∫–µ Images\n–®–∏—Ä–∏–Ω–∞/–í—ã—Å–æ—Ç–∞ —ç—Ç–æ —Ä–∞–∑–º–µ—Ä—ã –≤–∞—à–µ–≥–æ –∏–∑–æ–±—Ä–∞–∂–µ–Ω–∏—è –≤ —É—Ä–æ–≤–Ω–µ\n–ù–∞–∂–º–∏—Ç–µ ""–ó–∞–º–µ–Ω–∏—Ç—å —Å—É—â. —É—Ä–æ–≤–Ω–∏"" —Ç–æ–ª—å–∫–æ –ø–æ—Å–ª–µ –≥–µ–Ω–µ—Ä–∞—Ü–∏–∏ —É—Ä–æ–≤–Ω—è –∏ –æ—Ç–∫—Ä—ã—Ç–∏—è –≤–∫–ª–∞–¥–∫–∏ ""–ó–∞–≥—Ä—É–∑–∏—Ç—å"" –≤ –∫—Ä–µ–∞—Ç–∏–≤–µ\n–ü–æ—Å–ª–µ –Ω–∞–∂–∞—Ç–∏—è —ç—Ç–æ–π –∫–Ω–æ–ø–∫–∏ <b>–ê–ë–°–û–õ–Æ–¢–ù–û –í–°–ï</b> –≤–∞—à–∏ —É—Ä–æ–≤–Ω–∏ –±—É–¥—É—Ç –∑–∞–º–µ–Ω–µ–Ω—ã –Ω–∞ —Å–≥–µ–Ω–µ—Ä–∏—Ä–æ–≤–∞–Ω–Ω—ã–π, –µ—Å–ª–∏ –≤—ã —Å–æ—Ö—Ä–∞–Ω–∏—Ç–µ —Å–≥–µ–Ω–µ—Ä–∏—Ä–æ–≤–∞–Ω–Ω—ã–π —É—Ä–æ–≤–µ–Ω—å –æ—Ä–∏–≥–∏–Ω–∞–ª—å–Ω—ã–π —É—Ä–æ–≤–µ–Ω—å <b>–ë–£–î–ï–¢ –ü–û–¢–ï–†–Ø–ù –ù–ê–í–°–ï–ì–î–ê!</b> –í—ã–π–¥–∏—Ç–µ –∏–∑ —Å–≥–µ–Ω–µ—Ä–∏—Ä–æ–≤–∞–Ω–æ–≥–æ —É—Ä–æ–≤–Ω—è –µ—Å–ª–∏ –≤—ã —Ö–æ—Ç–∏—Ç–µ –≤–µ—Ä–Ω—É—Ç—å—Å—è –∫ –æ—Ä–∏–≥–∏–Ω–∞–ª—å–Ω–æ–º—É —É—Ä–æ–≤–Ω—é\n\n–í—ã —Ç–∞–∫ –∂–µ –º–æ–∂–µ—Ç–µ —Ä–µ–¥–∞–∫—Ç–∏—Ä–æ–≤–∞—Ç—å —Ü–≤–µ—Ç–∞ –∫–æ—Ç–æ—Ä—ã–µ –≥–µ–Ω–µ—Ä–∏—Ä—É—é—Ç—Å—è —á–µ—Ä–µ–∑ JSON —Ñ–∞–π–ª colors.json"
img2fgc_btn_ok,"–Ø –ø—Ä–æ—á–∏—Ç–∞–ª —ç—Ç–æ—Ç —Ç–µ–∫—Å—Ç, –∏ –∑–Ω–∞—é —Å–≤–æ–∏ —Ä–∏—Å–∫–∏ "
img2fgc_btn_close,–Ø –Ω–µ —Ö–æ—á—É –∏—Å–ø–æ–ª—å–∑–æ–≤–∞—Ç—å —ç—Ç–æ
piracy_title,–ü–ò–†–ê–¢–°–¢–í–û ‚Äì –≠–¢–û –ù–ï –í–ï–°–ï–õ–û
piracy_desc,–ü–∏—Ä–∞—Ç–∏—Ç—å Fall Guys ‚Äî —Å–µ—Ä—ä–µ–∑–Ω–æ–µ –ø—Ä–µ—Å—Ç—É–ø–ª–µ–Ω–∏–µ –∫–æ—Ç–æ—Ä–æ–µ –Ω–∞—Ä—É—à–∞–µ—Ç –∑–∞–∫–æ–Ω\n–ó–∞–∫—Ä–π–æ—Ç–µ –∏–≥—Ä—É –∏ —É–¥–∞–ª–∏—Ç–µ –µ—ë
piracy1_title,–ö—Ä–∏—Ç–∏—á–µ—Å–∫–∞—è –û—à–∏–±–∫–∞
piracy1_desc,"Fall Guys —Å—Ç–æ–ª–∫–Ω—É–ª—Å—è —Å –∫—Ä–∏—Ç–∏—á–µ—Å–∫–æ–π –æ—à–∏–±–∫–æ–π –∏ –≤–∞—à–∞ –ø—Ä–æ–∏–∑–≤–æ–¥–∏—Ç–µ–ª—å–Ω–æ—Å—Ç—å –º–æ–∂–µ—Ç –±—ã—Ç—å –∑–∞–¥–µ—Ç–∞, –µ—Å–ª–∏ –≤—ã –ø—Ä–æ–¥–æ–ª–∂–∏—Ç–µ –∏–≥—Ä–∞—Ç—å –±–µ–∑ –ø–µ—Ä–µ–∑–∞—Ö–æ–¥–∞ –≤ –∏–≥—Ä—É."
gui_hotkeys,"–ì–æ—Ä—è—á–∏–µ –∫–ª–∞–≤–∏—à–∏: {0} –∫—É—Ä—Å–æ—Ä, {1} –∏–Ω—Ç–µ—Ä—Ñ–µ–π—Å, {2} –∏–Ω—Ç–µ—Ä—Ñ–µ–π—Å –æ—Ç–∫–ª–∞–¥–∫–∏, —Å–≤–æ–±–æ–¥. –ø–æ–ª—ë—Ç, {3} —Å–≤–æ–±–æ–¥–Ω—ã–π –ø–æ–ª–µ—Ç, {4} —Ä–µ—Å–ø–∞–≤–Ω, {5} —á–µ–∫–ø–æ–∏–Ω—Ç, {6} —Å–≤–æ–±–æ–¥. –∫–∞–º–µ—Ä–∞, {7} —Å–±—Ä–æ—Å–∏—Ç—å –ø–æ–∑–∏—Ü–∏—é —á–µ–∫–ø–æ–∏–Ω—Ç–∞"
gui_show_loader,–ó–∞–≥—Ä—É–∑–∫–∞ —à–æ—É
gui_gen_cms_list,–°–æ–∑–¥–∞—Ç—å —Å–ø–∏—Å–æ–∫ —à–æ—É
gui_print_show_list,–°–ø–∏—Å–æ–∫ —à–æ—É
gui_play,–ò–≥—Ä–∞—Ç—å
gui_random_round,–°–ª—É—á–∞–π–Ω—ã–π —Ä–∞—É–Ω–¥ 
gui_menu,–ú–µ–Ω—é
gui_fix_obstacles,–ò—Å–ø—Ä. –ø—Ä–µ–ø—è—Ç—Å—Ç–≤.
gui_hotkey_edit,–ì–æ—Ä—è—á. –∫–ª–∞–≤–∏—à–∏
gui_ui,–ò–Ω—Ç–µ—Ä—Ñ–µ–π—Å 
gui_toggle_cursor,–ö—É—Ä—Å–æ—Ä
gui_toggle_ui,–ò–Ω—Ç–µ—Ä—Ñ–µ–π—Å
gui_toggle_img2fgc,–ò–Ω—Ç–µ—Ä—Ñ–µ–π—Å Img2Fgc
gui_toggle_ffm,–°–≤–æ–±–æ–¥. –ø–æ–ª—ë—Ç
gui_toggle_media,–ó–∞–≥—Ä—É–∑—á–∏–∫ –º–µ–¥–∏–∞
gui_gameplay,–ò–≥—Ä–∞
gui_respawn,–†–µ—Å–ø–∞–≤–Ω
gui_checkpoint,–ß–µ–∫–ø–æ–∏–Ω—Ç
gui_fc,–°–≤–æ–±–æ–¥–Ω–∞—è –∫–∞–º–µ—Ä–∞
gui_toggle_fc,–í–∫–ª —Å–≤–æ–±–æ–¥. –∫–∞–º–µ—Ä—É
gui_pause_fc,–ü–∞—É–∑–∞ —Å–≤–æ–±–æ–¥. –∫–∞–º–µ—Ä—ã
gui_move_up,–î–≤–∏–∂. –≤–≤–µ—Ä—Ö
gui_move_down,–î–≤–∏–∂. –≤–Ω–∏–∑
gui_move_forward,–î–≤–∏–∂. –≤–ø–µ—Ä—ë–¥
gui_exit,–í—ã–π—Ç–∏
gui_show_loader_desc,"–≠—Ç–æ –∑–∞–≥—Ä—É–∑—á–∏–∫ —à–æ—É. –í—ã –º–æ–∂–µ—Ç–µ –∏–≥—Ä–∞—Ç—å –≤ —Ä–∞—É–Ω–¥–ø—É–ª–µ –∏–∑ –ª—é–±–æ–≥–æ —à–æ—É, –ø–æ–∫–∞ —ç—Ç–∞ –≤–∫–ª–∞–¥–∫–∞ –∞–∫—Ç–∏–≤–Ω–∞ —Å–ª—É—á–∞–Ω—ã–µ —Ä–∞—É–Ω–¥—ã –±—É–¥—É—Ç –≤—ã–±–∏—Ä–∞—Ç—å—Å—è —Å—Ä–µ–¥–∏ —Ç–µ—Ö —Ä–∞—É–Ω–¥–æ–≤, –∫–æ—Ç–æ—Ä—ã–µ –µ—Å—Ç—å –≤ —ç—Ç–æ–º —à–æ—É"
gui_old_list,"–í–∞—à —Å–ø–∏—Å–æ–∫ —Ä–∞—É–Ω–¥–æ–≤ —É—Å—Ç–∞—Ä–µ–ª, –æ–±–Ω–æ–≤–∏—Ç–µ –µ–≥–æ –Ω–∞–∂–∞–≤ –Ω–∞ —ç—Ç—É –∫–Ω–æ–ø–∫—É"
gui_update_list,–û–±–Ω–æ–≤–∏—Ç—å —Å–ø–∏—Å–æ–∫
gui_print_round_list,–°–ø–∏—Å–æ–∫ —Ä–∞—É–Ω–¥–æ–≤
gui_gen_round_list,–°–æ–∑–¥–∞—Ç—å —Å–ø–∏—Å–æ–∫ —Ä–∞—É–Ω–¥–æ–≤
gui_cms_loader,–ó–∞–≥—Ä—É–∑–∫–∞ —Ä–∞—É–Ω–¥–æ–≤
gui_edit_hotkeys,–ì–æ—Ä—è—á. –∫–ª–∞–≤–∏—à–∏
gui_single_load,–ó–∞–≥—Ä—É–∑–∏—Ç—å –≤ –æ–¥–∏–Ω–æ—á. —Ä–µ–∂–∏–º–µ
gui_additive_load,–ó–∞–≥—Ä—É–∑–∏—Ç—å –≤ –¥–æ–ø. —Ä–µ–∂–∏–º–µ
gui_input_wait_1,–ù–∞–∂–º–∏—Ç–µ –ª—é–±—É—é –∫–ª–∞–≤–∏—à—É...
gui_input_wait_2,–ù–∞–∂–º–∏—Ç–µ [ESC] –¥–ª—è –û—Ç–º–µ–Ω—ã
gui_img2fgc,–ò–∑–æ–±—Ä–∞–∂–µ–Ω–∏–µ –≤ FGC
gui_img2fgc_img_name,–ò–º—è –∏–∑–æ–±—Ä.
gui_folder,–ü–∞–ø–∫–∞
gui_img2fgc_wh,–®–∏—Ä/–í—ã—Å
gui_img2fgc_should_del_black,–£–¥–∞–ª–∏—Ç—å —á–µ—Ä–Ω—ã–µ –ø–∏–∫—Å–µ–ª–∏?
gui_img2fgc_should_del_white,–£–¥–∞–ª–∏—Ç—å –±–µ–ª—ã–µ –ø–∏–∫—Å–µ–ª–∏?
gui_img2fgc_digital,–†–µ—Ç—Ä–æ —Ç–µ–º–∞?
gui_img2fgc_gen_level,–°–æ–∑–¥–∞—Ç—å —É—Ä–æ–≤–µ–Ω—å
gui_img2fgc_replace,–ó–∞–º–µ–Ω–∏—Ç—å —Å—É—â. —É—Ä–æ–≤–Ω–∏
gui_img2fgc_credits,Img2Fgc –±—ã–ª —Å–¥–µ–ª–∞–Ω @repinek840 –≤ —Ç–≤–∏—Ç—Ç–µ—Ä–µ :3
request_error_2,"–°–û–•–†–ê–ù–ï–ù–û, –ù–û..."
request_error_save_config_2,"–í—ã –Ω–∞–¥–µ–ª–∏ –∫–æ—Å–º–µ—Ç–∏–∫—É –∫–æ—Ç–æ—Ä–æ–π —É –≤–∞—Å –Ω–µ—Ç, –ø—Ä–æ—Å—Ç–æ –ø–æ–º–Ω–∏—Ç–µ: –ø–æ—Å–ª–µ –ø–µ—Ä–µ–∑–∞—Ö–æ–¥–∞ –≤ –∏–≥—Ä—É —ç—Ç–∞ –∫–æ—Å–º–µ—Ç–∏–∫–∞ –±—É–¥–µ—Ç —Å–±—Ä–æ—à–µ–Ω–∞. –ù–∞ –¥–∞–Ω–Ω—ã–π –º–æ–º–µ–Ω—Ç –≤—Å–µ –≤ –≤–∞—à–µ–º –ª–æ–±–±–∏ –º–æ–≥—É—Ç –≤–∏–¥–µ—Ç—å —ç—Ç—É –∫–æ—Å–º–µ—Ç–∏–∫—É, –≤—ã —Ç–∞–∫ –∂–µ –º–æ–∂–µ—Ç–µ –∑–∞–≥—Ä—É–∑–∏—Ç—å –ª—é–±–æ–π —Ä–∞—É–Ω–¥, –≤–∞—à–∞ –∫–æ—Å–º–µ—Ç–∏–∫–∞ –±—É–¥–µ—Ç —Å–æ—Ö—Ä–∞–Ω–µ–Ω–∞ "
gui_save_into_config,–°–æ—Ö—Ä–∞–Ω–∏—Ç—å –≤ –∫–æ–Ω—Ñ–∏–≥
gui_rotate_speed,–°–∫–æ—Ä–æ—Å—Ç—å –≤—Ä–∞—â–µ–Ω–∏—è
gui_move_down_speed,–°–∫–æ—Ä–æ—Å—Ç—å –í–Ω–∏–∑
gui_move_up_speed,–°–∫–æ—Ä–æ—Å—Ç—å –í–≤–µ—Ä—Ö
gui_move_speed,–°–∫–æ—Ä–æ—Å—Ç—å –¥–≤–∏–∂–µ–Ω–∏—è
gui_ffm_settings,–ù–∞—Å—Ç—Ä–æ–π–∫–∏ —Å–≤–æ–±–æ–¥–Ω–æ–≥–æ –ø–æ–ª–µ—Ç–∞
gui_ffm_hotkeys,"{0} –¥–≤–∏–≥–∞—Ç—å—Å—è –≤–≤–µ—Ä—Ö, {1} –¥–≤–∏–≥–∞—Ç—å—Å—è –≤–Ω–∏–∑, {2} –¥–≤–∏–≥–∞—Ç—å—Å—è –≤–ø–µ—Ä—ë–¥"
gui_media_load,–ó–∞–≥—Ä—É–∑–∏—Ç—å 
gui_img_loader,–ó–∞–≥—Ä—É–∑–∫–∞ –ö–∞—Ä—Ç–∏–Ω–æ–∫
gui_fc_settings,–ù–∞—Å—Ç—Ä–æ–π–∫–∏ —Å–≤–æ–±–æ–¥. –∫–∞–º–µ—Ä—ã
gui_zoom_speed,–°–∫–æ—Ä–æ—Å—Ç—å –ø—Ä–∏–±–ª–∏–∂.
gui_sensivity,–ß—É–≤—Å—Ç–≤–∏—Ç–µ–ª—å–Ω–æ—Å—Ç—å
gui_stats,–°—Ç–∞—Ç–∏—Å—Ç–∏–∫–∞
gui_fc_pos,–ü–æ–∑–∏—Ü–∏—è
gui_fov,–ü–æ–ª–µ –∑—Ä–µ–Ω–∏—è
gui_fc_hotkeys,"{0} –¥–ª—è –≤—ã—Ö–æ–¥–∞, {1} –¥–ª—è –ø–∞—É–∑—ã, –ö–æ–ª–µ—Å–æ –ø—Ä–æ–∫—Ä—É—Ç–∫–∏ –¥–ª—è –ø—Ä–∏–±–ª–∏–∂–µ–Ω–∏—è, {2} –¥–≤–∏–≥–∞—Ç—å—Å—è –≤–≤–µ—Ä—Ö, {3} –¥–≤–∏–≥–∞—Ç—å—Å—è –≤–Ω–∏–∑"
gui_near_fg,–†—è–¥–æ–º —Å –ë–æ–±–æ–º
gui_follow_fg_pos,–ü–æ–∑–∏—Ü–∏—è –ë–æ–±–∞
gui_destroy_all,–£–Ω–∏—á—Ç–æ–∂–∏—Ç—å –≤—Å–µ
confirm_title,–í–´ –£–í–ï–†–ï–ù–´?
confirm_desc,–í—ã —É–≤–µ—Ä–µ–Ω—ã —á—Ç–æ —Ö–æ—Ç–∏—Ç–µ —Å–æ–≤–µ—Ä—à–∏—Ç—å —ç—Ç–æ –¥–µ–π—Å—Ç–≤–∏–µ?
failed_title,–û–®–ò–ë–ö–ê
failed_desc,–ü—Ä–∏ –≤—ã–ø–æ–ª–Ω–µ–Ω–∏–∏ —ç—Ç–æ–≥–æ –¥–µ–π—Å—Ç–≤–∏—è –ø—Ä–æ–∏–∑–æ—à–ª–∞ –æ—à–∏–±–∫–∞\n–û—à–∏–±–∫–∞:\n{0}
gui_as_cube,–ö—É–±
gui_url_load,–ß–µ—Ä–µ–∑ URL
gui_run_qual,–ü—Ä–æ—à–µ–ª!
gui_run_resetmsg,–ó–∞–∂–º–∏ {0} –Ω–∞ {1}—Å–µ–∫ —á—Ç–æ–±—ã –Ω–∞—á–∞—Ç—å –∑–∞–Ω–æ–≤–æ!
spqual_title,–í—ã –ü—Ä–æ—à–ª–∏!
spqual_desc,–•–æ—Ç–∏—Ç–µ —Å–æ—Ö—Ä–∞–Ω–∏—Ç—å –≤—Ä–µ–º—è –∑–∞–±–µ–≥–∞ –Ω–∞ —ç—Ç–æ–º —É—Ä–æ–≤–Ω–µ? –û–Ω–æ –±—É–¥–µ—Ç —Å–æ—Ö—Ä–∞–Ω–µ–Ω–æ –∫–∞–∫ –ª—É—á—à–µ–µ –≤—Ä–µ–º—è –Ω–∞ —ç—Ç–æ–º —É—Ä–æ–≤–Ω–µ.
spqual_desc2,–ü—Ä–æ—à–ª—ã–π –∑–∞–±–µ–≥: {0} | –¢–µ–∫—É—â–∏–π –∑–∞–±–µ–≥: {1}
gui_best_time,–õ—É—á—à–µ–µ –≤—Ä–µ–º—è
gui_run_elim,–í—ã–±—ã–ª!
gui_run_win,–ü–æ–±–µ–¥–∏–ª!
gui_run_info,–¢–µ–∫—É—â–∏–π –∑–∞–±–µ–≥
gui_fc_pause,–ü–ê–£–ó–ê
gui_reset_run,–°–±—Ä–æ—Å–∏—Ç—å –ó–∞–±–µ–≥
spqual_title2,–ü–†–û–î–û–õ–ñ–ò–¢–¨?
spqual_desc3,–•–æ—Ç–∏—Ç–µ –ø–æ–ø—Ä–æ–±–æ–≤–∞—Ç—å –ø—Ä–æ–π—Ç–∏ —ç—Ç–æ—Ç —É—Ä–æ–≤–µ–Ω—å –µ—â–µ —Ä–∞–∑?
gui_vid_loader,–ó–∞–≥—Ä—É–∑–∫–∞ –≤–∏–¥–µ–æ
gui_discord_btn,–î–∏—Å–∫–æ—Ä–¥ —Å–µ—Ä–≤–µ—Ä
load_ugc,"–≠—Ç–æ —Ç–≤–æ—Ä—á–µ—Å–∫–∏–π —É—Ä–æ–≤–µ–Ω—å - –µ–≥–æ –Ω–µ–ª—å–∑—è –∑–∞–≥—Ä—É–∑–∏—Ç—å –≤ –¥–∞–Ω–Ω—ã–π –º–æ–º–µ–Ω—Ç\n–í—ã –º–æ–∂–µ—Ç–µ –∏—Å–ø–æ–ª—å–∑–æ–≤–∞—Ç—å —ç—Ç–æ—Ç –∫–æ–¥ {0} —á—Ç–æ–±—ã –Ω–∞–π—Ç–∏ —ç—Ç–æ—Ç —É—Ä–æ–≤–µ–Ω—å"
null_secene,–≠—Ç–æ—Ç —É—Ä–æ–≤–µ–Ω—å –Ω–µ —Å–æ–¥–µ—Ä–∂–∏—Ç –¥–æ—Å—Ç–∞—Ç–æ—á–Ω–æ–µ –∫–æ–ª-–≤–æ –∏–Ω—Ñ–æ—Ä–º–∞—Ü–∏–∏ –æ —Å—Ü–µ–Ω–µ!
unable_to_find_round,–ù–µ—É–¥–∞–ª–æ—Å—å –Ω–∞–π—Ç–∏ —É—Ä–æ–≤–µ–Ω—å ¬´{0}¬ª
unable_to_find_path,–ù–µ–≤–æ–∑–º–æ–∂–Ω–æ –Ω–∞–π—Ç–∏ —Ñ–∞–π–ª –ø–æ —ç—Ç–æ–º—É –ø—É—Ç–∏
gui_options,–ù–∞—Å—Ç—Ä–æ–π–∫–∏
gui_wait,–ü–æ–¥–æ–∂–¥–∏—Ç–µ...
gui_open_config,–û—Ç–∫—Ä—ã—Ç—å –∫–æ–Ω—Ñ–∏–≥
gui_basic_o,–ë–∞–∑–æ–≤—ã–µ —É—Ç–∏–ª–∏—Ç—ã
gui_gp_o,–ò–≥—Ä–æ–≤–æ–π –ø—Ä–æ—Ü–µ—Å—Å
gui_round_loading,–ó–∞–≥—Ä—É–∂–∞–µ—Ç—Å—è —Ä–∞—É–Ω–¥
gui_round_intro,–ò–Ω—Ç—Ä–æ –≤ –ø—Ä–æ—Ü–µ—Å—Å–µ
gui_hotkeys_gp,"–ò–≥—Ä–∞: {0} —Å–≤–æ–±–æ–¥. –ø–æ–ª–µ—Ç, {1} —Ä–µ—Å–ø–∞–≤–Ω, {2} —á–µ–∫–ø–æ–∏–Ω—Ç, {3} —Å–≤–æ–±–æ–¥. –∫–∞–º–µ—Ä–∞"
gui_hotkeys_ui,"–ò–Ω—Ç–µ—Ä—Ñ–µ–π—Å: {0} –∫—É—Ä—Å–æ—Ä, {1} –∏–Ω—Ç–µ—Ä—Ñ–µ–π—Å, {2} –∏–Ω—Ç–µ—Ä—Ñ–µ–π—Å img2fgc, {3} –∑–∞–≥—Ä—É–∑—á–∏–∫ –º–µ–¥–∏–∞"
unable_to_load_img,–ù–µ–≤–æ–∑–º–æ–∂–Ω–æ –∑–∞–≥—Ä—É–∑–∏—Ç—å –∏–∑–æ–±—Ä–∞–∂–µ–Ω–∏–µ –∏–∑-–∑–∞ –æ—à–∏–±–∫–∏:
unable_to_spawn,–ù–µ—É–¥–∞–ª–æ—Å—å –∑–∞–≤–µ—Ä—à–∏—Ç—å —Å–ø–∞–≤–Ω :(
unable_to_find_show,–ù–µ—É–¥–∞–ª–æ—Å—å –Ω–∞–π—Ç–∏ —à–æ—É ¬´{0}¬ª
intro_skip_msg,–ó–∞–∂–º–∏ {0} –Ω–∞ {1}—Å–µ–∫ —á—Ç–æ–±—ã –ø—Ä–æ–ø—É—Å—Ç–∏—Ç—å –∏–Ω—Ç—Ä–æ
revert_changes,–û–¢–ú–ï–ù–ò–¢–¨ –ò–ó–ú–ï–ù–ï–ù–ò–Ø
dropdown_placeholder,–í—ã–±–µ—Ä–∏ —á—Ç–æ-—Ç–æ...
inputfield_placeholder,–ù–∞–ø–∏—à–∏ —á—Ç–æ-—Ç–æ...
gui_edit_config_title,–†–µ–¥–∞–∫—Ç. –∫–æ–Ω—Ñ–∏–≥
gui_media_tools_title,–ú–µ–¥–∏–∞ —É—Ç–∏–ª–∏—Ç—ã
in_development,–í —Ä–∞–∑—Ä–∞–±–æ—Ç–∫–µ! –ó–∞–≥–ª—è–¥—ã–≤–∞–π –ø–æ–∑–¥–Ω–µ–µ
gui_search_round,–ò—Å–∫–∞—Ç—å —Ä–∞—É–Ω–¥ –ø–æ –∏–º–µ–Ω–∏...
gui_search_show,–ò—Å–∫–∞—Ç—å —à–æ—É –ø–æ –∏–º–µ–Ω–∏...
gui_show_image,–ü–æ—Å–º–æ—Ç—Ä–µ—Ç—å –∏–∫–æ–Ω–∫—É —à–æ—É
gui_desc,–û–ø–∏—Å–∞–Ω–∏–µ:
gui_total_rounds,–í—Å–µ–≥–æ —Ä–∞—É–Ω–¥–æ–≤ –≤ —Å–ø–∏—Å–∫–µ
gui_total_ids,–í—Å–µ–≥–æ –∞–π–¥–∏ –≤ —Å–ø–∏—Å–∫–µ
gui_selected_show,–í—ã–±—Ä–∞–Ω–Ω–æ–µ —à–æ—É
gui_loaded_show,–ó–∞–≥—Ä—É–∂–µ–Ω–Ω–æ–µ —à–æ—É
gui_possible_show_rounds,–î–æ—Å—Ç—É–ø–Ω—ã–µ —Ä–∞—É–Ω–¥—ã
gui_open_fgdb,–ü–æ—Å–º–æ—Ç—Ä–µ—Ç—å –Ω–∞ FGDB
gui_config_about,"–ù–∞ —ç—Ç–æ–π —Å—Ç—Ä–∞–Ω–∏—Ü–µ –º–æ–∂–Ω–æ –≤—ã–ø–æ–ª–Ω—è—Ç—å –±–∞–∑–æ–≤—ã–µ –¥–µ–π—Å—Ç–≤–∏—è —Å –∫–æ–Ω—Ñ–∏–≥–æ–º."
gui_config_about_0,"- –û–±–Ω–æ–≤–∏—Ç—å –∫–æ–Ω—Ñ–∏–≥ - –æ–±–Ω–æ–≤–ª—è–µ—Ç –∏–Ω—Ñ–æ—Ä–º–∞—Ü–∏—é –æ –∫–∞–∂–¥–æ–π –Ω–∞—Å—Ç—Ä–æ–π–∫–µ –∫–æ–Ω—Ñ–∏–≥–∞, –æ–±—ã—á–Ω–æ –≤—ã–∑—ã–≤–∞–µ—Ç—Å—è –∫–∞–∂–¥—ã–π —Ä–∞–∑ –∫–æ–≥–¥–∞ –∑–∞–≥—Ä—É–∂–∞–µ—Ç—Å—è —Å—Ü–µ–Ω–∞"
gui_config_about_1,"- –û–±–Ω–æ–≤–∏—Ç—å –∏–Ω—Ñ–æ—Ä–º–∞—Ü–∏—é –≤ GUI - –æ–±–Ω–æ–≤–ª—è–µ—Ç –∏–Ω—Ñ–æ—Ä–º–∞—Ü–∏—é –≤ –≤—ã–ø–∞–¥–∞—é—â–∏—Ö —Å–ø–∏—Å–∫–∞—Ö –∏ —Å–ø–∏—Å–∫–∞—Ö, —Å—Ç–æ–∏—Ç –≤—ã–∑—ã–≤–∞—Ç—å —ç—Ç–æ –ø–æ—Å–ª–µ –∏–∑–º–µ–Ω–µ–Ω–∏—è —è–∑—ã–∫–∞ –≤ –∏–≥—Ä–µ —á—Ç–æ–±—ã –∏–∑–±–µ–∂–∞—Ç—å –ø—Ä–æ–±–ª–µ–º"
gui_config_about_2,"- –û—Ç–∫—Ä—ã—Ç—å –∫–æ–Ω—Ñ–∏–≥ - –Ω–µ —É–≤–µ—Ä–µ–Ω –¥–ª—è —á–µ–≥–æ —ç—Ç–æ..."
gui_config_about_3,"–ù–∞ –¥–∞–Ω–Ω—ã–π –º–æ–º–µ–Ω—Ç —ç—Ç–æ –≤—Å–µ, –æ–¥–Ω–∞–∂–¥—ã –∑–¥–µ—Å—å –±—É–¥–µ—Ç –æ—á–µ–Ω—å –∫—Ä—É—Ç–æ–µ –º–µ–Ω—é —á–µ—Ä–µ–∑ –∫–æ—Ç–æ—Ä–æ–µ –≤—ã —Å–º–æ–∂–µ—Ç–µ —Ä–µ–¥–∞–∫—Ç–∏—Ä–æ–≤–∞—Ç—å –≤—Å–µ –Ω–∞—Å—Ç—Ä–æ–π–∫–∏ –∫–æ–Ω—Ñ–∏–≥–∞..."
gui_credits,–ê–≤—Ç–æ—Ä—ã
gui_refresh_config,–û–±–Ω–æ–≤–∏—Ç—å –∫–æ–Ω—Ñ–∏–≥
gui_refresh_gui,–û–±–Ω–æ–≤–∏—Ç—å –∏–Ω—Ñ–æ—Ä–º–∞—Ü–∏—é –≤ GUI
gui_img2fgc_tab,IMG2FGC
gui_rl_advenced,–ü—Ä–æ–¥–≤–∏–Ω—É—Ç—ã–π —Ä–µ–∂–∏–º
gui_rl_a_inputholder,–í–≤–µ–¥–∏ CMS ID —Ä–∞—É–Ω–¥–∞... (–Ω–∞–ø—Ä–∏–º–µ—Ä round_door_dash)
gui_rl_desc,"–≠—Ç–æ –∑–∞–≥—Ä—É–∑—á–∏–∫ —Ä–∞—É–Ω–¥–æ–≤. –¢—ã –º–æ–∂–µ—à—å –∏–≥—Ä–∞—Ç—å –≤ –ª—é–±–æ–π —Ä–∞—É–Ω–¥ –Ω–∞ –ª—é–±–æ–π –≤–∞—Ä–∏–∞—Ü–∏–∏, –≤–µ—Å–µ–ª–∏—Å—å"
gui_rla_desc,"–≠—Ç–æ –ø—Ä–æ–¥–≤–∏–Ω—É—Ç—ã–π –∑–∞–≥—Ä—É–∑—á–∏–∫ —Ä–∞—É–Ω–¥–æ–≤. –û–Ω —Ä–∞–±–æ—Ç–∞–µ—Ç —Ç–∞–∫ –∂–µ –∫–∞–∫ –∏ –∑–∞–≥—Ä—É–∑—á–∏–∫ —Ä–∞—É–Ω–¥–æ–≤ –¥–æ V1.3.0, –Ω—É–∂–Ω–æ –≤–≤–µ—Å—Ç–∏ ID —Ä–∞—É–Ω–¥–∞ –∏–∑ CMS —á—Ç–æ–±—ã –∑–∞–≥—Ä—É–∑–∏—Ç—å –µ–≥–æ"
gui_img2fgc_desc,img2fgc —ç—Ç–æ —É—Ç–∏–ª–∏—Ç–∞ –∫–æ—Ç–æ—Ä–∞—è –ø–æ–∑–≤–æ–ª—è–µ—Ç –∫–æ–Ω–≤–µ—Ä—Ç–∏—Ä–æ–≤–∞—Ç—å –ª—é–±–æ–µ –∏–∑–æ–±—Ä–∞–∂–µ–Ω–∏–µ –≤ —Ç–≤–æ—Ä—á–µ—Å–∫–∏–π —É—Ä–æ–≤–µ–Ω—å. –ï—Å–ª–∏ –≤—ã—Å–æ—Ç–∞ –∏ —à–∏—Ä–∏–Ω–∞ –±—É–¥–µ—Ç —Å–ª–∏—à–∫–æ–º –±–æ–ª—å—à–æ–π —ç—Ç–æ –ø—Ä–µ–≤–µ–¥–µ—Ç –∫ –Ω–µ–≤–æ–∑–º–æ–∂–Ω–æ—Å—Ç–∏ —Å–æ—Ö—Ä–∞–Ω–∏—Ç—å —É—Ä–æ–≤–µ–Ω—å <b>–±–æ–ª—å—à–∏–µ –∏–∑–æ–±—Ä–∞–∂–µ–Ω–∏—è —Ç–∞–∫ –∂–µ –º–æ–≥—É—Ç –∑–Ω–∞—á–∏—Ç–µ–ª—å–Ω–æ —Å–Ω–∏–∑–∏—Ç—å –≤–∞—à FPS!</b>
img2fgc_uhh,–î–ª—è –Ω–∞—á–∞–ª–∞ —Å—Ç–æ–∏—Ç —Å–≥–µ–Ω–µ—Ä–∏—Ä–æ–≤–∞—Ç—å —É—Ä–æ–≤–µ–Ω—å!
gui_config_about_4,- –û—á–∏—Å—Ç–∏—Ç—å –°–æ–±—ã—Ç–∏—è - –æ—á–∏—Å—Ç–∏—Ç—å –≤—Å–µ —Å–æ–±—ã—Ç–∏—è –∫–æ—Ç–æ—Ä—ã–µ —É–∂–µ –ø—Ä–æ–∏–∑–æ—à–ª–∏ (–Ω–∞–ø—Ä–∏–º–µ—Ä –≤—Å–ø–ª—ã–≤–∞—é—â–µ–µ –æ–∫–Ω–æ –ø—Ä–∏ –≤—Ö–æ–¥–µ –≤ –º–µ–Ω—é)
gui_clear_evt,–û—á–∏—Å—Ç–∏—Ç—å –°–æ–±—ã—Ç–∏—è
preset_holder,–ò–º—è –≤–∞—à–µ–≥–æ –ø—Ä–µ—Å–µ—Ç–∞
newpreset_title,–°–û–ó–î–ê–¢–¨ –ù–û–í–´–ô –ü–†–ï–°–ï–¢
newpreset_desc,"- –ü—Ä–µ—Å–µ—Ç—ã –∫–æ—Å–º–µ—Ç–∏–∫–∏ –ø–æ–∑–≤–æ–ª—è—é—Ç –ª–µ–≥–∫–æ –∏ –±—ã—Å—Ç—Ä–æ –ø–µ—Ä–µ–∫–ª—é—á–∞—Ç—Å—è –º–µ–∂–¥—É –∫–æ—Å–º–µ—Ç–∏–∫–æ–π\n- –ü—Ä–µ—Å–µ—Ç—ã –∫–æ—Å–º–µ—Ç–∏–∫–∏ –ø–æ–¥–¥–µ—Ä–∂–∏–≤–∞—é—Ç –∫–æ—Å–º–µ—Ç–∏–∫—É –∫–æ—Ç–æ—Ä–∞—è –±—ã–ª–∞ –¥–æ–±–∞–≤–ª–µ–Ω–∞ —á–µ—Ä–µ–∑ ""add all cosmetics""\n- –ü–µ—Ä–µ–∫–ª—é—á–∞—Ç—Å—è –º–µ–∂–¥—É –ø—Ä–µ—Å–µ—Ç–∞–º–∏ –º–æ–∂–Ω–æ –¥–∞–∂–µ –≤ –∏–≥—Ä–µ\n\n–§–∞–π–ª—ã –ø—Ä–µ—Å–µ—Ç–æ–≤ –Ω–∞—Ö–æ–¥—è—Ç—Å—è –≤ –ø–∞–ø–∫–µ ""Presets"""
gui_presets,–ü—Ä–µ—Å–µ—Ç—ã
gui_presets_title,–ü—Ä–µ—Å–µ—Ç—ã –∫–æ—Å–º–µ—Ç–∏–∫–∏
gui_preset_delete_act,"–£–¥–∞–ª–∏—Ç—å –ø—Ä–µ—Å–µ—Ç —Å –∏–º–µ–Ω–µ–º ""{0}""\n–§–∞–π–ª –ø—Ä–µ—Å–µ—Ç–∞ –Ω–µ–≤–æ–∑–º–æ–∂–Ω–æ –≤–æ—Å—Å—Ç–∞–Ω–æ–≤–∏—Ç—å –ø–æ—Å–ª–µ —É–¥–∞–ª–µ–Ω–∏—è."
gui_del_videos_act,–£–¥–∞–ª–∏—Ç—å –≤—Å–µ –í–∏–¥–µ–æ —Å —Å—Ü–µ–Ω—ã
gui_del_images_act,–£–¥–∞–ª–∏—Ç—å –≤—Å–µ –ö–∞—Ä—Ç–∏–Ω–∫–∏ —Å —Å—Ü–µ–Ω—ã
gui_delete_preset,–£–¥–∞–ª–∏—Ç—å –ø—Ä–µ—Å–µ—Ç
gui_use_preset,–ò—Å–ø–æ–ª—å–∑–æ–≤–∞—Ç—å –ø—Ä–µ—Å–µ—Ç
gui_presets_desc,"–ü—Ä–µ—Å–µ—Ç—ã –∫–æ—Å–º–µ—Ç–∏–∫–∏ –ø–æ–∑–≤–æ–ª—è—é—Ç –ª–µ–≥–∫–æ –ø–µ—Ä–µ–∫–ª—é—á–∞—Ç—Å—è –º–µ–∂–¥—É –∫–æ—Å–º–µ—Ç–∏–∫–æ–π. –ù–∞–∂–º–∏ –∫–Ω–æ–ø–∫—É ""–ù–æ–≤—ã–π –ø—Ä–µ—Å–µ—Ç"" —á—Ç–æ–±—ã —Å–æ–∑–¥–∞—Ç—å –ø—Ä–µ—Å–µ—Ç —Å —Ç–µ–∫—É—â–µ–π –∫–æ—Å–º–µ—Ç–∏–∫–æ–π"
gui_default_load,–ß–µ–≥–æ —Ç—ã –æ–∂–∏–¥–∞–ª? –î–ª—è –Ω–∞—á–∞–ª–∞ –≤—ã–±–µ—Ä–∏ —á—Ç–æ-—Ç–æ.
gui_new_preset,–ù–æ–≤—ã–π –ø—Ä–µ—Å–µ—Ç
gui_rl_block,"–ó–∞–≥—Ä—É–∑–∫–∞ —Ä–∞—É–Ω–¥–æ–≤ –∑–∞–±–ª–æ–∫–∏—Ä–æ–≤–∞–Ω–∞! –î–æ–∂–¥–∏—Ç–µ—Å—å –∑–∞–≤–µ—Ä—à–µ–Ω–∏—è —Å–ø–∞–≤–Ω–∞ –∏–ª–∏ –ø–æ–ø—Ä–æ–±—É–π—Ç–µ —Å–Ω–æ–≤–∞"
gui_error_msg,"–°–æ–æ–±—â–∏—Ç–µ –æ–± —ç—Ç–æ–π –æ—à–∏–±–∫–µ –≤ –¥–∏—Å–∫–æ—Ä–¥ —Å–µ—Ä–≤–µ—Ä–µ {loaderName} –∏ –æ–ø–∏—à–∏—Ç–µ –∫–∞–∫ –≤—ã –µ—ë –ø–æ–ª—É—á–∏–ª–∏, –Ω–∞ –¥–∞–Ω–Ω—ã–π –º–æ–º–µ–Ω—Ç"
gui_fix_obstacles_error,"–ù–µ–≤–æ–∑–º–æ–∂–Ω–æ –∏—Å–ø—Ä–∞–≤–∏—Ç—å –Ω–µ–∫–æ—Ç–æ—Ä—ã–µ –ø—Ä–µ–ø—è—Ç—Å—Ç–≤–∏—è –∏–∑-–∑–∞ –æ—à–∏–±–∫–∏: "
gui_error_0,–≤—ã –º–æ–∂–µ—Ç–µ –ø—Ä–æ–¥–æ–ª–∂–∏—Ç—å –∏–≥—Ä–∞—Ç—å
gui_error_1,–≤—ã –±—É–¥–µ—Ç–µ –≤–æ–∑–≤—Ä–∞—â–µ–Ω—ã –≤ –º–µ–Ω—é
gui_cancel_loading,"–û—Ç–º–µ–Ω–∏—Ç—å –∑–∞–≥—Ä—É–∑–∫—É, –∏ –≤–µ—Ä–Ω—É—Ç—å—Å—è –≤ –º–µ–Ω—é"
fgt_eac_error,"EAC –æ—Ç–∫–ª—é—á–µ–Ω –ø–æ–∫–∞ –≤—ã –∏–≥—Ä–∞–µ—Ç–µ —Å –º–æ–¥–∞–º–∏! –ß—Ç–æ–±—ã –∏–≥—Ä–∞—Ç—å –æ–Ω–ª–∞–π–Ω –≤–∞–º –Ω—É–∂–Ω–æ —É–¥–∞–ª–∏—Ç—å BepInEx (–ø—Ä–æ—Å—Ç–æ –ø–µ—Ä–µ–º–µ—Å—Ç–∏—Ç–µ winhttp.dll –∏–∑ –ø–∞–ø–∫–∏ —Å –∏–≥—Ä–æ–π –∫—É–¥–∞-—Ç–æ –µ—â–µ) –∏ –ø—Ä–æ–≤–µ—Ä–∏—Ç—å –∏–≥—Ä–æ–≤—ã–µ —Ñ–∞–π–ª—ã –≤ –ª–∞—É–Ω—á–µ—Ä–µ, –¥–ª—è —Ç–æ–≥–æ, —á—Ç–æ–±—ã –≤–æ—Å—Å—Ç–∞–Ω–æ–≤–∏—Ç—å –∞–Ω—Ç–∏—á–∏—Ç."
gui_del_list,"–£–¥–∞–ª–∏—Ç—å —Å—É—â–µ—Å—Ç–≤—É—é—â–∏–π —Å–ø–∏—Å–æ–∫ —Ä–∞—É–Ω–¥–æ–≤"
offline_log_title,–ü–û–•–û–ñ–ï –í–´ –û–§–§–õ–ê–ô–ù
offline_log_desc,–•–æ—Ç–∏—Ç–µ –≤–∫–ª—é—á–∏—Ç—å –æ—Ñ—Ñ–ª–∞–π–Ω —Ä–µ–∂–∏–º —á—Ç–æ–±—ã –∏–º–µ—Ç—å –≤–æ–∑–º–æ–∂–Ω–æ—Å—Ç—å –∏—Å–ø–æ–ª—å–∑–æ–≤–∞—Ç—å {loaderName} –±–µ–∑ –∏–Ω—Ç—Ä–µ–Ω–µ—Ç–∞? –í—Å–µ –æ–Ω–ª–∞–π–Ω —Ñ—É–Ω–∫—Ü–∏–∏ –±—É–¥—É—Ç –æ—Ç–∫–ª—é—á–µ–Ω—ã –ø–æ–∫–∞ –≤—ã –Ω–µ –≤—ã–∫–ª—é—á–∏—Ç–µ –æ—Ñ—Ñ–ª–∞–π–Ω —Ä–µ–∂–∏–º
online_log_title,–ü–û–•–û–ñ–ï –í–´ –û–ù–õ–ê–ô–ù
online_log_desc,"–û–¥–Ω–∞–∫–æ –æ—Ñ—Ñ–ª–∞–π–Ω —Ä–µ–∂–∏–º –≤—Å–µ –µ—â–µ –≤–∫–ª—é—á–µ–Ω, —Ö–æ—Ç–∏—Ç–µ –æ—Ç–∫–ª—é—á–∏—Ç—å –µ–≥–æ —á—Ç–æ–±—ã –≤–∫–ª—é—á–∏—Ç—å –æ–Ω–ª–∞–π–Ω —Ñ—É–Ω–∫—Ü–∏–∏?"
cmsload_failed,–ù–µ–≤–æ–∑–º–æ–∂–Ω–æ –Ω–∞—á–∞—Ç—å –∑–∞–≥—Ä—É–∑–∫—É —Ä–∞—É–Ω–¥–∞ –∏–∑-–∑–∞ –æ—à–∏–±–∫–∏
sp_qual_disabled_title,–≠–ô
sp_qual_disabled_desc,"–ü–æ—Ö–æ–∂–µ –≤—ã –æ—Ç–∫–ª—é—á–∏–ª–∏ –∫–≤–∞–ª–∏—Ñ–∏–∫–∞—Ü–∏—é –≤ —Ä–∞—É–Ω–¥–∞—Ö, —ç—Ç–æ –æ–∑–Ω–∞—á–∞–µ—Ç —á—Ç–æ –≤—ã –Ω–µ —Å–º–æ–∂–µ—Ç–µ –∑–∞–∫–æ–Ω—á–∏—Ç—å —Å–ø–∏–¥—Ä–∞–Ω. –•–æ—Ç–∏—Ç–µ –≤–∫–ª—é—á–∏—Ç—å –∫–≤–∞–ª–∏—Ñ–∏–∫–∞—Ü–∏—é –≤ —Ä–∞—É–Ω–¥–∞—Ö?"
gui_error_2,–≤–∞—à–∞ –∏–≥—Ä–∞ –±—É–¥–µ—Ç –∑–∞–∫—Ä—ã—Ç–∞
gui_pizzatowerreference,–ö—Ä—É–≥
gui_found_results,–í—Å–µ–≥–æ –Ω–∞–π–¥–µ–Ω–æ —Ä–∞—É–Ω–¥–æ–≤
gui_preset_color,–¶–≤–µ—Ç
gui_preset_pattern,–†–∏—Å—É–Ω–æ–∫
gui_preset_upper,–í–µ—Ä—Ö
gui_preset_bottom,–ù–∏–∑
gui_preset_full,–ü–æ–ª–Ω—ã–π –∫–æ—Å—Ç—é–º
gui_preset_faceplate,–õ–∏—Ü–æ
gui_preset_win_anim,–ê–Ω–∏–º–∞—Ü–∏—è –ø–æ–±–µ–¥—ã
gui_preset_nickname,–ù–∏–∫–Ω–µ–π–º
gui_preset_nameplate,–¢–∞–±–ª–∏—á–∫–∞ –¥–ª—è –∏–º–µ–Ω–∏
gui_preset_emotes,–≠–º–æ—Ü–∏—è
gui_preset_info,–ò–Ω—Ñ–æ—Ä–º–∞—Ü–∏—è –æ –ø—Ä–µ—Å–µ—Ç–µ
gui_restart_title,–¢–†–ï–ë–£–ï–¢–°–Ø –ü–ï–†–ï–ó–ê–ü–£–°–ö
gui_restart_desc,"–ß—Ç–æ–±—ã –∏–∑–º–µ–Ω–µ–Ω–∏—è –≤—Å—Ç—É–ø–∏–ª–∏ –≤ —Å–∏–ª—É —Ç—Ä–µ–±—É–µ—Ç—Å—è –ø–µ—Ä–µ–∑–∞–π—Ç–∏ –≤ –∏–≥—Ä—É, —Å–¥–µ–ª–∞—Ç—å —ç—Ç–æ —Å–µ–π—á–∞—Å?"
gui_reload_title,–¢–†–ï–ë–£–ï–¢–°–Ø –ü–ï–†–ï–ó–ê–ì–†–£–ó–ö–ê –°–¶–ï–ù–´
gui_reload_desc,"–ß—Ç–æ–±—ã –∏–∑–º–µ–Ω–µ–Ω–∏—è –≤—Å—Ç—É–ø–∏–ª–∏ –≤ —Å–∏–ª—É —Ç—Ä–µ–±—É–µ—Ç—Å—è –∑–∞–≥—Ä—É–∑–∏—Ç—å —Å—Ü–µ–Ω—É –ø–æ–≤—Ç–æ—Ä–Ω–æ, —Å–¥–µ–ª–∞—Ç—å —ç—Ç–æ —Å–µ–π—á–∞—Å?"
gui_unable_get_name,–ù–µ–≤–æ–∑–º–æ–∂–Ω–æ –ø–æ–ª—É—á–∏—Ç—å –∏–º—è
old_fgtools_title,–≠–ô
old_fgtools_desc,"–ü–æ—Ö–æ–∂–µ —á—Ç–æ —É –≤–∞—Å —É—Å—Ç–∞–Ω–æ–≤–ª–µ–Ω–∞ —Å—Ç–∞—Ä–∞—è –≤–µ—Ä—Å–∏—è {loaderName}, —É–¥–∞–ª–∏—Ç–µ –µ—ë –ø–µ—Ä–µ–¥ –∏—Å–ø–æ–ª—å–∑–æ–≤–∞–Ω–∏–µ–º —Ç–µ–∫—É—â–µ–π. –ü–æ—Å–ª–µ –Ω–∞–∂–∞—Ç–∏—è –Ω–∞ ""–û–ö"" —ç—Ç–æ–º –æ–∫–Ω–µ –±—É–¥–µ—Ç –æ—Ç–∫—Ä—ã—Ç–∞ –ø–∞–ø–∫–∞ —Å –ø–ª–∞–≥–∏–Ω–∞–º–∏, —É–¥–∞–ª–∏—Ç–µ –ø–∞–ø–∫—É —Å –Ω–∞–∑–≤–∞–Ω–∏–µ–º ""FallGuysTools"" –∏ –∑–∞–ø—É—Å—Ç–∏—Ç–µ –∏–≥—Ä—É —Å–Ω–æ–≤–∞."
gui_move_team,–ò–∑–º–µ–Ω–∏—Ç—å –ö–æ–º–∞–Ω–¥—É
speedrunneralert_title,–î–û–†–û–ì–û–ô –°–ü–ò–î–†–ê–ù–ï–†!
speedrunneralert_desc,"–¢—ã –∏–≥—Ä–∞–µ—à—å –≤ {0} —Å–ª–∏—à–∫–æ–º –¥–æ–ª–≥–æ. –ú–æ–∂–µ—Ç —Å—Ç–æ–∏—Ç —Å–¥–µ–ª–∞—Ç—å –Ω–µ–±–æ–ª—å—à–æ–π –ø–µ—Ä–µ—Ä—ã–≤ –∏ –ø–æ—Ç—Ä–æ–≥–∞—Ç—å —á—É—Ç—å-—á—É—Ç—å —Ç—Ä–∞–≤—ã?\n\n–ù–µ –ø–µ—Ä–µ–∂–∏–≤–∞–π, —ç—Ç–æ –æ–∫–Ω–æ –±–æ–ª—å—à–µ –Ω–µ –ø–æ—è–≤–∏—Ç—Å—è."
speedrunneralert_cancel,"–ù–µ—Ç, —Å–ø–∞—Å–∏–±–æ"
speedrunneralert_accept,"–î–∞, —Ç—ã –ø—Ä–∞–≤"
gui_speedrunner_popup_alert,–ß–µ—Ä–µ–∑ –º–∏–Ω—É—Ç—É —á—Ç–æ-—Ç–æ –ø—Ä–æ–∏–∑–æ–π–¥–µ—Ç...
gui_speedrunner_popup_alert_1,–£–±–µ–¥–∏—Å—å —á—Ç–æ —Ç—ã –Ω–µ –±—É–¥–µ—à—å –∑–∞–Ω—è—Ç —Å–ø–∏–¥—Ä–∞–Ω–æ–º
disabledsetting_title,–ù–µ–∫–æ—Ç–æ—Ä—ã–µ –Ω–∞—Å—Ç—Ä–æ–π–∫–∏ –∫–æ–Ω—Ñ–∏–≥–∞ –±—ã–ª–∏ –∏–∑–º–µ–Ω–µ–Ω—ã!
disabledsetting_desc,"–°–ª–µ–¥—É—é—â–∏–µ –Ω–∞—Å—Ç—Ä–æ–π–∫–∏: {0} –±—ã–ª–∏ –æ—Ç–∫–ª—é—á–µ–Ω—ã, –∏–ª–∏ –∏–∑–º–µ–Ω–µ–Ω—ã –Ω–∞ –∑–Ω–∞—á–µ–Ω–∏–µ –ø–æ —É–º–æ–ª—á–∞–Ω–∏—é –¥–ª—è —ç—Ç–æ–≥–æ —Ä–∞—É–Ω–¥–∞."
msg_tip,"–°–û–í–ï–¢"
msg_tip_ffm,"–¢—ã –º–æ–∂–µ—à—å —Ä–µ–¥–∞–∫—Ç–∏—Ä–æ–≤–∞—Ç—å —Å–∫–æ—Ä–æ—Å—Ç—å –Ω–∞–∂–∞–≤ {0}"
msg_tip_fc,"–ò—Å–ø–æ–ª—å–∑—É–π WASD –¥–ª—è –¥–≤–∏–∂–µ–Ω–∏—è –∏ –º—ã—à—å –¥–ª—è –≤—Ä–∞—â–µ–Ω–∏—è!\n–¢—ã —Ç–∞–∫ –∂–µ –º–æ–∂–µ—à—å –ü–†–ò–ë–õ–ò–ñ–ê–¢–¨ –∏—Å–ø–æ–ª—å–∑—É—è –∫–æ–ª–µ—Å–æ –ø—Ä–æ–∫—Ä—É—Ç–∫–∏ –∏ —Å—Ç–∞–≤–∏—Ç—å –∫–∞–º–µ—Ä—É –Ω–∞ –ü–ê–£–ó–£ –ø–æ –Ω–∞–∂–∞—Ç–∏—é –Ω–∞ {pauseFreeCamHotkey}\n\n–ù–∞–∂–º–∏ {1} –¥–ª—è —Ä–µ–¥–∞–∫—Ç–∏—Ä–æ–≤–∞–Ω–∏—è –Ω–∞—Å—Ç—Ä–æ–µ–∫"
msg_outdated_ver_title,"–í–ï–†–°–ò–Ø –£–°–¢–ê–†–ï–õ–ê!"
msg_outdated_ver,"–ü–æ—Ö–æ–∂–µ, —ç—Ç–∞ –≤–µ—Ä—Å–∏—è —É—Å—Ç–∞—Ä–µ–ª–∞!\n–ù–æ–≤–∞—è –≤–µ—Ä—Å–∏—è ({0}) —É–∂–µ –¥–æ—Å—Ç—É–ø–Ω–∞ –¥–ª—è —Å–∫–∞—á–∏–≤–∞–Ω–∏—è –≤ –¥–∏—Å–∫–æ—Ä–¥ —Å–µ—Ä–≤–µ—Ä–µ {loaderName}!\n–¢—ã –º–æ–∂–µ—à—å –ø—Ä–æ–¥–æ–ª–∂–∏—Ç—å –∏—Å–ø–æ–ª—å–∑–æ–≤–∞—Ç—å —Ç–µ–∫—É—â—É—é –≤–µ—Ä—Å–∏—é, –Ω–æ —Ä–µ–∫–æ–º–µ–Ω–¥—É–µ—Ç—Å—è –µ–µ –æ–±–Ω–æ–≤–∏—Ç—å"
msg_old_spc_possible,"–ü–æ–ª–Ω—É—é –ø–µ—Ä–µ–∑–∞–≥—Ä—É–∑–∫—É —Å—Ü–µ–Ω—ã –º–æ–∂–Ω–æ –≤–µ—Ä–Ω—É—Ç—å –≤ –∫–æ–Ω—Ñ–∏–≥–µ"
changelog_for,"–°–ø–∏—Å–æ–∫ –∏–∑–º–µ–Ω–µ–Ω–∏–π –¥–ª—è –≤–µ—Ä—Å–∏–∏"
changelog_limit,"...–ò –µ—â–µ {0} –¥—Ä—É–≥–∏—Ö –∏–∑–º–µ–Ω–µ–Ω–∏–π... - –ü–æ—Å–º–æ—Ç—Ä–∏—Ç–µ –ø–æ–ª–Ω—ã–π —Å–ø–∏—Å–æ–∫ –∏–∑–º–µ–Ω–µ–Ω–∏–π –≤ –¥–∏—Å–∫–æ—Ä–¥ —Å–µ—Ä–≤–µ—Ä–µ!"
changelog_title,–°–ü–ò–°–û–ö –ò–ó–ú–ï–ù–ï–ù–ò–ô
cgm_error,"–ü—Ä–∏ —Å–æ–∑–¥–∞–Ω–∏–∏ –∏–≥—Ä–æ–≤–æ–≥–æ –º–µ–Ω–µ–¥–∂–µ—Ä–∞ –ø—Ä–æ–∏–∑–æ—à–ª–∞ –æ—à–∏–±–∫–∞"
debug_msg,–ò—Å–ø–æ–ª—å–∑—É–π —ç—Ç—É –∏–Ω—Ñ–æ—Ä–º–∞—Ü–∏—é –ø—Ä–∏ —Å–æ–æ–±—â–µ–Ω–∏–∏ –æ–± –æ—à–∏–±–∫–∞—Ö
debug_title,–û–¢–ö–õ–ê–î–ö–ê
fgc_length,"–î–ª–∏–Ω–∞ –∫–ª—é—á–∞ —Ä–∞—É–Ω–¥–∞ –¥–æ–ª–∂–Ω–∞ –±—ã—Ç—å 14 —Å–∏–º–≤–æ–ª–æ–≤. –ù–æ –º—ã –ø–æ–ª—É—á–∏–ª–∏"
fgc_error,"–ü—Ä–æ–∏–∑–æ—à–ª–∞ –æ—à–∏–±–∫–∞ –ø—Ä–∏ –ø–æ–¥–≥–æ—Ç–æ–≤–∫–µ —Ä–∞—É–Ω–¥–∞ –∫ –∑–∞–≥—Ä—É–∑–∫–µ"
fgc_missing,"–í–µ—Ä–æ—è—Ç–Ω–æ —Ä–∞—É–Ω–¥–∞ –Ω–µ —Å—É—â–µ—Å—Ç–≤—É–µ—Ç."
fgc_missing_template,"–ù–µ–≤–æ–∑–º–æ–∂–Ω–æ –Ω–∞–π—Ç–∏ —à–∞–±–ª–æ–Ω –¥–ª—è —ç—Ç–æ–≥–æ —Ä–∞—É–Ω–¥–∞."
gui_error_3,"–≤—ã –æ—Å—Ç–∞–Ω–µ—Ç–µ—Å—å –≤ –º–µ–Ω—é"
gui_creative_loader,–¢–≤–æ—Ä—á–µ—Å–∫–∏–µ –†–∞—É–Ω–¥—ã (BETA)
gui_creative_loader_desc,"–ó–¥–µ—Å—å –º–æ–∂–Ω–æ –∑–∞–≥—Ä—É–∑–∏—Ç—å –∫–∞—Ä—Ç—É —Ç–≤–æ—Ä—á–µ—Å–∫–æ–≥–æ —Ä–µ–∂–∏–º–∞. –ß—Ç–æ–±—ã —Å–¥–µ–ª–∞—Ç—å —ç—Ç–æ –≤–≤–µ–¥–∏—Ç–µ –∫–æ–¥ –∫–∞—Ä—Ç—ã"
code_input_holder,–ö–æ–¥ —Ä–∞—É–Ω–¥–∞ (–Ω–∞–ø—Ä–∏–º–µ—Ä 0000-0000-0000)
gui_unity_loader,–Æ–Ω–∏—Ç–∏ –†–∞—É–Ω–¥—ã
fgc_level_inf,–ò–ù–§–û–†–ú–ê–¶–ò–Ø –û–ë –£–†–û–í–ù–ï
fgc_level_name,–ò–º—è
fgc_level_desc,–û–ø–∏—Å–∞–Ω–∏–µ
fgc_level_gamemode,–†–µ–∂–∏–º
fgc_level_author,–°–æ–∑–¥–∞–Ω
fgc_level_ver,–í–µ—Ä—Å–∏—è
fgc_level_likes,–õ–∞–π–∫–∏
fgc_level_pc,–°—ã–≥—Ä–∞–ª–∏ —Ä–∞–∑
fgc_level_maxp,–ú–∞–∫—Å. –ò–≥—Ä–æ–∫–æ–≤
fgc_level_qp,–ü—Ä–æ—Ü–µ–Ω—Ç –ø—Ä–æ—Ö–æ–∂–¥–µ–Ω–∏—è
fgc_level_timel,–õ–∏–º–∏—Ç –ø–æ –≤—Ä–µ–º–µ–Ω–∏
fgc_level_platform,–°–æ–∑–¥–∞–Ω –Ω–∞
fgc_level_tags,–¢–µ–≥–∏
fgc_level_utags,–ü–æ–ª—å–∑–æ–≤–∞—Ç–µ–ª—å—Å–∫–∏–µ —Ç–µ–≥–∏
fgc_level_muz,–ú—É–∑—ã–∫–∞–ª—å–Ω–æ–µ —Å–æ–±—ã—Ç–∏–µ
fgc_level_load,–ü–æ–ª—É—á–µ–Ω–∏–µ –∏–Ω—Ñ–æ—Ä–º–∞—Ü–∏–∏...
fgc_level_extra,–î–û–ü–û–õ–ù–ò–¢–ï–õ–¨–ù–ê–Ø –ò–ù–§–û–†–ú–ê–¶–ò–Ø
fgc_level_theme,–¢–µ–º–∞
fgc_level_compstat,–ü—Ä–æ–π–¥–µ–Ω
fgc_level_sp,–ü—Ä–æ—Ü–µ–Ω—Ç –≤—ã–∂–∏–≤–∞–Ω–∏—è
gui_yes,–î–∞
gui_no,–ù–µ—Ç
fgc_level_nodto,LevelInfoDto –Ω–µ –Ω–∞–π–¥–µ–Ω.
fgt_tooltip_01,"–¢—ã –º–æ–∂–µ—à—å –ø—Ä–æ–ø—É—Å—Ç–∏—Ç—å –∏–Ω—Ç—Ä–æ –∑–∞–∂–∞–≤ {0}"
fgt_tooltip_02,"–¢—ã –º–æ–∂–µ—à—å –¥–æ–±–∞–≤–∏—Ç—å –≤—Å—é –∫–æ—Å–º–µ—Ç–∏–∫—É –∫–æ—Ç–æ—Ä–∞—è —Å—É—â–µ—Å—Ç–≤—É–µ—Ç –≤ –∏–≥—Ä–µ –∫ —Å–µ–±–µ –≤ –∏–Ω–≤–µ–Ω—Ç–∞—Ä—å –≤–∫–ª—é—á–∏–≤ ""Add All Cosmetics"" –≤ –∫–æ–Ω—Ñ–∏–≥–µ!"
fgt_tooltip_03,"–ù–∞–∂–º–∏ {0} —á—Ç–æ–±—ã –ø–æ–∫–∞–∑–∞—Ç—å/—Å–∫—Ä—ã—Ç—å –∏–Ω—Ç–µ—Ä—Ñ–µ–π—Å {loaderName}"
fgt_tooltip_04,"–ï—Å–ª–∏ —É —Ç–µ–±—è –µ—Å—Ç—å –≤–æ–ø—Ä–æ—Å—ã –Ω–µ —Å—Ç–µ—Å–Ω—è–π—Å—è —Å–ø—Ä–∞—à–∏–≤–∞—Ç—å –∏—Ö –Ω–∞ –¥–∏—Å–∫–æ—Ä–¥ —Å–µ—Ä–≤–µ—Ä–µ {loaderName}!"
fgt_tooltip_05,"–¢—ã –º–æ–∂–µ—à—å —É—Å—Ç–∞–Ω–æ–≤–∏—Ç—å —Å–æ–±—Å—Ç–≤–µ–Ω–Ω—ã–π –ª–∏–º–∏—Ç –ø–æ –≤—Ä–µ–º–µ–Ω–∏ –≤ –∫–æ–Ω—Ñ–∏–≥–µ!"
fgt_tooltip_06,"–¢—ã –º–æ–∂–µ—à—å –æ—Ç–∫–ª—é—á–∏—Ç—å –ø—Ä–æ—Ö–æ–∂–¥–µ–Ω–∏–µ —Ä–∞—É–Ω–¥–æ–≤ –≤ –∫–æ–Ω—Ñ–∏–≥–µ!"
fgt_tooltip_07,"–ó–∞–±–∞–≤–Ω—ã–π —Ñ–∞–∫—Ç: –í–º–µ—Å—Ç–æ —Ç–æ–≥–æ —á—Ç–æ–±—ã —Å–ø–∏–¥—Ä–∞–Ω–∏—Ç—å —á—Ç–æ-—Ç–æ –≤ —ç—Ç–æ–π –∏–≥—Ä–µ, –º–æ–∂–Ω–æ –ø–æ—Ç—Ä–æ–≥–∞—Ç—å —á—É—Ç—å-—á—É—Ç—å —Ç—Ä–∞–≤—ã!"
fgt_tooltip_08,"–¢—ã –º–æ–∂–µ—à—å –æ—Ç–∫–ª—é—á–∏—Ç—å –∏–ª–∏ –∏–∑–º–µ–Ω–∏—Ç—å –ø–æ–≤–µ—Ä–∞–ø –≤ –∫–æ–Ω—Ñ–∏–≥–µ!"
fgt_tooltip_09,"–•–æ—á–µ—à—å –∏–≥—Ä–∞—Ç—å –≤ Fall Guys –ø–æ–ª–Ω–æ—Å—Ç—å—é –æ—Ñ—Ñ–ª–∞–π–Ω? –í–∫–ª—é—á–∏ –æ—Ñ—Ñ–ª–∞–π–Ω —Ä–µ–∂–∏–º –≤ –∫–æ–Ω—Ñ–∏–≥–µ!"
fgt_tooltip_10,"–•–æ—á–µ—à—å –≤–µ—Ä–Ω—É—Ç—å —Ñ–∏–∑–∏–∫—É –∫–æ—Ç–æ—Ä–∞—è –±—ã–ª–∞ –¥–æ –æ–±–Ω–æ–≤–ª–µ–Ω–∏—è –ø–∞–¥–∞–µ–º –∏ –ø–∞–¥–∞–µ–º? –í–∫–ª—é—á–∏ ""Old Physics"" –≤ –∫–æ–Ω—Ñ–∏–≥–µ!"
unable_to_load_scene,–ù–µ–≤–æ–∑–º–æ–∂–Ω–æ –∑–∞–≥—Ä—É–∑–∏—Ç—å —Å—Ü–µ–Ω—É
unable_to_load_scene_01,"–ü–æ—Ö–æ–∂–µ —ç—Ç–∞ —Å—Ü–µ–Ω–∞ –±—ã–ª–∞ —É–¥–∞–ª–µ–Ω–∞ –∏–∑ —Ñ–∞–π–ª–æ–≤ –∏–≥—Ä—ã."
unable_to_load_scene_02,"–ü—Ä–µ–¥—ã–¥—É—â–∏–π —Ä–∞—É–Ω–¥"
unable_to_load_scene_03,"–±—É–¥–µ—Ç –∑–∞–≥—Ä—É–∂–µ–Ω –ø–æ–≤—Ç–æ—Ä–Ω–æ"
no_changelog_get,"–ù–µ–≤–æ–∑–º–æ–∂–Ω–æ –ø–æ–ª—É—á–∏—Ç—å —Å–ø–∏—Å–æ–∫ –∏–∑–º–µ–Ω–µ–Ω–∏–π."
fgt_tooltip_11,"It's been 3 days without {loaderName}. I feel like I'm gonna vomit and kill myself. I wanted to play {loaderName} after the new update, but it sadly didn't work. I'm probably in my worst state right now. The new update is terrible and I don't have anything to play. I think it's good to say goodbye. I'm killing myself. {loaderName} is life, {loaderName} is like my best friend. I don't touch grass so {loaderName} is my one and only hope there is right now, but it doesn't work sadly. I need mental help seriously."
userchange_title,"–í–´–ë–ï–†–ò –ù–ò–ö–ù–ï–ô–ú"
userchange_desc,"–¢–∞–∫ –∫–∞–∫ –∏–≥—Ä–∞ –∑–∞–ø—É—â–µ–Ω–∞ –≤ –æ—Ñ—Ñ–ª–∞–π–Ω —Ä–µ–∂–∏–º–µ, —É —Ç–µ–±—è –Ω–µ—Ç –Ω–∏–∫–Ω–µ–π–º–∞. –í—ã–±–µ—Ä–∏ –µ–≥–æ –∏–ª–∏ –∏—Å–ø–æ–ª—å–∑—É–π –≤–∞—Ä–∏–∞–Ω—Ç –ø–æ —É–º–æ–ª—á–∞–Ω–∏—é. –ù–µ –∑–∞–±—ã–≤–∞–π, —Ç—ã –≤—Å–µ–≥–¥–∞ –º–æ–∂–µ—à—å –∏–∑–º–µ–Ω–∏—Ç—å –µ–≥–æ –≤ –∫–æ–Ω—Ñ–∏–≥–µ."
userchange_holder,"OfflineGuy"
gui_toggle,–ü–µ—Ä–µ–∫–ª—é—á–∏—Ç—å
gui_save,–°–æ—Ö—Ä–∞–Ω–∏—Ç—å
gui_variant_lastsave,–ü–æ—Å–ª–µ–¥–Ω–µ–µ –°–æ—Ö—Ä–∞–Ω–µ–Ω–∏–µ
gui_variant_toggleall,–ü–µ—Ä–µ–∫–ª—é—á–∏—Ç—å –≤—Å—ë
gui_variant_title,–ù–ê–°–¢–†–û–ô–ö–ò –í–ê–†–ò–ê–¶–ò–ô
gui_ingame_only_ui,–ò–ì–†–û–í–´–ï –ù–ê–°–¢–†–û–ô–ö–ò
gui_ingame_tab,–ù–∞—Å—Ç—Ä–æ–π–∫–∏ –ò–≥—Ä–æ–≤–æ–≥–æ –ü—Ä–æ—Ü–µ—Å—Å–∞
rpc_fgc_alert_title,–ü—Ä–µ–∂–¥–µ —á–µ–º —Ç—ã –Ω–∞—á–Ω—ë—à—å...
rpc_fgc_alert_desc,"–ü–æ—Å–∫–æ–ª—å–∫—É —è –¥–æ–±–∞–≤–∏–ª Discord RPC –≤ {loaderName} —Ç–µ–±–µ —Å—Ç–æ–∏—Ç –∑–Ω–∞—Ç—å —á—Ç–æ –Ω–µ–∫–æ—Ç–æ—Ä–∞—è –∏–Ω—Ñ–æ—Ä–º–∞—Ü–∏—è —Ä–µ–¥–∞–∫—Ç–æ—Ä–∞ —Ç–µ–ø–µ—Ä—å –æ—Ç–æ–±—Ä–∞–∂–∞–µ—Ç—Å—è –≤ —Ç–≤–æ–µ–º —Å—Ç–∞—Ç—É—Å–µ –≤ Discord (—Å–æ—Å—Ç–æ—è–Ω–∏–µ –≤ —Ä–µ–¥–∞–∫—Ç–æ—Ä–µ, –∏–º—è —É—Ä–æ–≤–Ω—è, —Ä–µ–∂–∏–º —É—Ä–æ–≤–Ω—è, —Ç–µ–º–∞ —É—Ä–æ–≤–Ω—è...). –ï—Å–ª–∏ —Ç—ã –Ω–µ –∏–º–µ–µ—à—å –Ω–∏—á–µ–≥–æ –ø—Ä–æ—Ç–∏–≤ –Ω–∞–∂–º–∏ ""–û–ö"" –≤ —ç—Ç–æ–º –æ–∫–Ω–µ –∏ –≤–µ—Å–µ–ª–∏—Å—å. –ï—Å–ª–∏ –∏–º–µ–µ—à—å, —Ç–µ–±–µ —Å—Ç–æ–∏—Ç –æ—Ç–∫—Ä—ã—Ç—å –∫–æ–Ω—Ñ–∏–≥ –∏ –æ—Ç–∫–ª—é—á–∏—Ç—å Discord RPC.\n\n–≠—Ç–æ –æ–∫–Ω–æ –±–æ–ª—å—à–µ –Ω–µ –ø–æ—è–≤–∏—Ç—Å—è."
gui_handle_random_cosmetics,–°–ª—É—á–∞–π–Ω–∞—è –ö–æ—Å–º–µ—Ç–∏–∫–∞
gui_handle_default_cosmetics,–°–±—Ä–æ—Å–∏—Ç—å –°–ª—É—á–∞–π–Ω—É—é –ö–æ—Å–º–µ—Ç–∏–∫—É
gui_attempt,–ü–æ–ø—ã—Ç–∫–∞
gui_warning,–ü–†–ï–î–£–ü–†–ï–ñ–î–ï–ù–ò–ï
discordsdk_missing_desc,"–û—Ç—Å—É—Ç—Å—Ç–≤—É–µ—Ç Discord Game Sdk. Discord Game Sdk –Ω—É–∂–µ–Ω —á—Ç–æ–±—ã –∑–∞—Å—Ç–∞–≤–∏—Ç—å discord RPC —Ä–∞–±–æ—Ç–∞—Ç—å. –ù–∞ –¥–∞–Ω–Ω—ã–π –º–æ–º–µ–Ω—Ç discord RPC –±—ã–ª –æ—Ç–∫–ª—é—á–µ–Ω, —á—Ç–æ–±—ã –∏—Å–ø—Ä–∞–≤–∏—Ç—å —ç—Ç–æ –ø–µ—Ä–µ–º–µ—Å—Ç–∏—Ç–µ discord_game_sdk.dll –≤ –ø–∞–ø–∫—É {loaderName} –∏–ª–∏ –ø–æ–ø—Ä–æ—Å–∏—Ç–µ –æ –ø–æ–º–æ—â–∏ –≤ –¥–∏—Å–∫–æ—Ä–¥ —Å–µ—Ä–≤–µ—Ä–µ {loaderName}"
gui_default,–ü–æ —É–º–æ–ª—á.
gui_misc,–ü—Ä–æ—á–µ–µ
themes_selector_title,–í—ã–±–æ—Ä —Ç–µ–º—ã –≤ –º–µ–Ω—é
statistics_title,–í–∞—à–∞ —Å—Ç–∞—Ç–∏—Å—Ç–∏–∫–∞ –≤ {loaderName}
theme_restart_title,–¢–†–ï–ë–£–ï–¢–°–Ø –ü–ï–†–ï–ó–ê–ü–£–°–ö
theme_restart_desc,"–ß—Ç–æ–±—ã –≤–µ—Ä–Ω—É—Ç—å—Å—è –Ω–∞ —Ç–µ–º—É –ø–æ —É–º–æ–ª—á–∞–Ω–∏—é —Ç—Ä–µ–±—É–µ—Ç—Å—è –ø–µ—Ä–µ–∑–∞–ø—É—Å—Ç–∏—Ç—å –∏–≥—Ä—É, —Å–¥–µ–ª–∞—Ç—å —ç—Ç–æ —Å–µ–π—á–∞—Å?"
stat_time_in_game,–í—Å–µ–≥–æ –≤—Ä–µ–º–µ–Ω–∏ –≤ –∏–≥—Ä–µ
stat_total_rounds,–í—Å–µ–≥–æ —Ä–∞—É–Ω–¥–æ–≤ –∑–∞–≥—Ä—É–∂–µ–Ω–æ
gui_delete_stats,–°–±—Ä–æ—Å–∏—Ç—å —Å—Ç–∞—Ç–∏—Å—Ç–∏–∫—É
stat_launch_times,–ò–≥—Ä–æ–≤—ã–µ —Å–µ—Å—Å–∏–∏
stat_sp_att_total,–í—Å–µ–≥–æ –ø–æ–ø—ã—Ç–æ–∫ –≤ —Ä–µ–∂–∏–º–µ —Å–ø–∏–¥—Ä–∞–Ω–æ–≤
stat_time_inmenu,–í—Ä–µ–º–µ–Ω–∏ –≤ –º–µ–Ω—é
gui_unavailable,–ù–µ–¥–æ—Å—Ç—É–ø–Ω–æ
theme_selector_not_in_menu,–ß—Ç–æ–±—ã –∏–∑–º–µ–Ω–∏—Ç—å —Ç–µ–º—É –≤—ã –¥–æ–ª–∂–Ω—ã –±—ã—Ç—å –≤ –≥–ª–∞–≤–Ω–æ–º –º–µ–Ω—é
stats_del_title,–í–´ –£–í–ï–†–ï–ù–´?
stats_del_desc,"–í—ã –¥–µ–π—Å—Ç–≤–∏—Ç–µ–ª—å–Ω–æ —Ö–æ—Ç–∏—Ç–µ —Å–±—Ä–æ—Å–∏—Ç—å –≤—Å—é —Å–≤–æ—é —Å—Ç–∞—Ç–∏—Å—Ç–∏–∫—É? –≠—Ç–æ –¥–µ–π—Å—Ç–≤–∏–µ –Ω–µ–ª—å–∑—è –æ—Ç–º–µ–Ω–∏—Ç—å!"
theme_change_title,–ò–ó–ú–ï–ù–ò–¢–¨ –¢–ï–ú–£?
theme_change_desc,"–•–æ—Ç–∏—Ç–µ –∏–∑–º–µ–Ω–∏—Ç—å —Ç–µ–º—É?"
gui_open_rhistory,–û—Ç–∫—Ä—ã—Ç—å –∏—Å—Ç–æ—Ä–∏—é —Ä–∞—É–Ω–¥–æ–≤
gui_close_rhistory,–ó–∞–∫—Ä—ã—Ç—å –∏—Å—Ç–æ—Ä–∏—é —Ä–∞—É–Ω–¥–æ–≤
gui_nothing2see,–ü–æ–∫–∞ –Ω–∏—á–µ–≥–æ –Ω–µ—Ç...
gui_save_stats,–°–æ—Ö—Ä–∞–Ω–∏—Ç—å —Å—Ç–∞—Ç–∏—Å—Ç–∏–∫—É
gui_stats_info_01,- –°—Ç–∞—Ç–∏—Å—Ç–∏–∫–∞ —Å–æ—Ö—Ä–∞–Ω—è–µ—Ç—Å—è –∫–∞–∂–¥—ã–π —Ä–∞–∑ –∫–æ–≥–¥–∞ –í—ã –≤—ã—Ö–æ–¥–∏—Ç–µ –∏–∑ –∏–≥—Ä—ã –∞ —Ç–∞–∫ –∂–µ –∞–≤—Ç–æ–º–∞—Ç–∏—á–µ—Å–∫–∏ –∫–∞–∂–¥—ã–µ 5 –º–∏–Ω—É—Ç
gui_result,–†–µ–∑—É–ª—å—Ç–∞—Ç
stats_result_leave,–í—ã—à–µ–ª
stats_result_new,–ù–æ–≤—ã–π —Ä–∞—É–Ω–¥
round_length,–ü—Ä–æ–¥–æ–ª–∂–∏—Ç–µ–ª—å–Ω–æ—Å—Ç—å —Ä–∞—É–Ω–¥–∞
stats_total_time_fgc,–í—Å–µ–≥–æ –≤—Ä–µ–º–µ–Ω–∏ –≤ —Ç–≤–æ—Ä—á–µ—Å–∫–æ–º —Ä–µ–∂–∏–º–µ
gui_stats_info_02,- –°—Ç–∞—Ç–∏—Å—Ç–∏–∫–∞ –æ—Ç—Å–ª–µ–∂–∏–≤–∞–µ—Ç—Å—è —Ç–æ–ª—å–∫–æ –ø—Ä–∏ –∏–≥—Ä–µ —Å {loaderName}
stats_collectables_collected,–ü—Ä–µ–¥–º–µ—Ç–æ–≤ –∫–æ–ª–ª–µ–∫—Ü–∏–æ–Ω–∏—Ä–æ–≤–∞–Ω–∏—è —Å–æ–±—Ä–∞–Ω–Ω–æ
stats_powerup_uses,–ò—Å–ø–æ–ª—å–∑–æ–≤–∞–Ω–∏–π –ø–æ–≤–µ—Ä–∞–ø–æ–≤
gui_stats_info_03,- –°—Ç–∞—Ç–∏—Å—Ç–∏–∫–∞ —Ö—Ä–∞–Ω–∏—Ç—Å—è –ª–æ–∫–∞–ª—å–Ω–æ –Ω–∞ –≤–∞—à–µ–º —É—Å—Ç—Ä–æ–π—Å—Ç–≤–µ
stats_save_time_remain,–í—Ä–µ–º–µ–Ω–∏ –¥–æ –∞–≤—Ç–æ–º–∞—Ç–∏—á–µ—Å–∫–æ–≥–æ —Å–æ—Ö—Ä–∞–Ω–µ–Ω–∏—è
gui_date,–î–∞—Ç–∞
gui_force_reset,–ü–†–ò–ù–£–î–ò–¢–ï–õ–¨–ù–´–ô –°–ë–†–û–°
force_reset_desc,"–≠—Ç–æ —Å–±—Ä–æ—Å–∏—Ç —Å–æ—Å—Ç–æ—è–Ω–∏–µ {loaderName} –¥–æ —Å–æ—Å—Ç–æ—è–Ω–∏–µ –ø–æ —É–º–æ–ª—á–∞–Ω–∏—é, –∏—Å–ø–æ–ª—å–∑—É–π—Ç–µ —ç—Ç–æ –µ—Å–ª–∏ –≤—ã —Å–æ—Ñ—Ç–ª–æ–∫–Ω—É–ª–∏—Å—å –∏–ª–∏ —Å—Ç–æ–ª–∫–Ω—É–ª–∏—Å—å —Å –∫–∞–∫–∏–º–∏-—Ç–æ –ø—Ä–æ–±–ª–µ–º–∞–º–∏. <b>–≠–¢–û –î–ï–ô–°–¢–í–ò–ï –í–´–ë–†–û–°–ò–¢ –í–ê–° –í –ì–õ–ê–í–ù–û–ï –ú–ï–ù–Æ, –ï–°–õ–ò –í–´ –í –¢–í–û–†–ß–ï–°–ö–û–ú –†–ï–ñ–ò–ú–ï –í–ï–°–¨ –í–ê–® –ü–†–û–ì–†–ï–°–° –ë–£–î–ï–¢ –ü–û–¢–ï–†–Ø–ù!!</b>"
fgt_tooltip_12,"–ì–æ—Å–ø–æ–¥–∏ –°—Ç–µ–Ω—Ç—Ä–∏–∫, –°–ø–∏–¥—Ä–∞–Ω–µ—Ä –ë–æ–∂–∏–π, –º–æ–ª—è –¢–µ —Å –∫—É–≤—à—è –∏ —Å–º–∏—Ä–µ–Ω–∏–µ, —á—É–π –º–æ–ª–±–∞—Ç–∞ –º–∏ –∑–∞ —Ä–∞–¥–æ—Å—Ç –∏ –∑–∞–±–∞–≤–ª–µ–Ω–∏–µ –≤ –º–æ–º–µ–Ω—Ç–∏ –Ω–∞ –æ—Ç–¥–∏—Ö. –ü–æ–º–æ–≥–Ω–∏ –Ω–∞ —Å—ä–∑–¥–∞—Ç–µ–ª–∏—Ç–µ –Ω–∞ –∏–≥—Ä–∞—Ç–∞ FGStoola –¥–∞ –≤—ä—Ä–Ω–∞—Ç –∏–≥—Ä–∏—Ç–µ —Å 360 –¥–∏–≤–∞–º–∏, –∫–∞–∫—Ç–æ –∏ –º—É–¥—å—Ç–∏–ø–ª–µ–µ—Ä –∏–≥—Ä–∞—Ç–∏, –∫–æ–∏—Ç–æ —Ç–æ–ª–∫–æ–≤–∞ –º–Ω–æ–≥–æ —Ä–∞–¥–≤–∞—Ö–∞ —Å—ä—Ä—Ü–∞—Ç–∞ –Ω–∏. –§–ª–æ—É–∑–õ!"
gui_flzru_img,–°–º–µ—à–Ω–æ–µ –∏–∑–æ–±—Ä–∞–∂–µ–Ω–∏–µ
gui_deleted_rounds,–£–¥–∞–ª–µ–Ω—ã
gui_deleted_rounds_desc,*—Å–µ—Ä—ã–π —Ü–≤–µ—Ç –≤ –∏–º–µ–Ω–∏ —Ä–∞—É–Ω–¥–∞ –æ–∑–Ω–∞—á–∞–µ—Ç —á—Ç–æ —Ä–∞—É–Ω–¥ –±—ã–ª —É–¥–∞–ª–µ–Ω –∏–∑ —Ñ–∞–π–ª–æ–≤ –∏–≥—Ä—ã!
gui_imgloader_desc,"–≠—Ç–æ –∑–∞–≥—Ä—É–∑—á–∏–∫ –∏–∑–æ–±—Ä–∞–∂–µ–Ω–∏–π, –í—ã –º–æ–∂–µ—Ç–µ –∑–∞–≥—Ä—É–∂–∞—Ç—å –∏–∑–æ–±—Ä–∞–∂–µ–Ω–∏—è –ø–æ —Å—Å—ã–ª–∫–µ –∏–ª–∏ –∏–∑–æ–±—Ä–∞–∂–µ–Ω–∏—è –∫–æ—Ç–æ—Ä—ã–µ —Ö—Ä–∞–Ω—è—Ç—Å—è –ª–æ–∫–∞–ª—å–Ω–æ –Ω–∞ –≤–∞—à–µ–º —É—Å—Ç—Ä–æ–π—Å—Ç–≤–µ"
gui_imgloader_desc_01,"–ß—Ç–æ–±—ã –∑–∞–≥—Ä—É–∑–∏—Ç—å –∏–∑–æ–±—Ä–∞–∂–µ–Ω–∏–µ –∫—Ç–æ—Ä–æ–µ —Ö—Ä–∞–Ω–∏—Ç—Å—è –Ω–∞ –≤–∞—à–µ–º —É—Å—Ç—Ä–æ–π—Å—Ç–≤–µ –ø–µ—Ä–µ–º–µ—Å—Ç–∏—Ç–µ –µ–≥–æ –≤ –ø–∞–ø–∫—É –≤ –≤–≤–µ–¥–∏—Ç–µ –∏–º—è —Ñ–∞–π–ª–∞ –≤ –ø–æ–ª–µ –≤–≤–æ–¥–∞"
gui_imgloader_desc_02,"–ß—Ç–æ–±—ã –∑–∞–≥—Ä—É–∑–∏—Ç—å –∏–∑–æ–±—Ä–∞–∂–µ–Ω–∏–µ –ø–æ —Å—Å—ã–ª–∫–µ –≤–∫–ª—é—á–∏—Ç–µ —Ä–µ–∂–∏–º ""–ß–µ—Ä–µ–∑ URL"" –∏ –≤–≤–µ–¥–∏—Ç–µ —Å—Å—ã–ª–∫—É –Ω–∞ –∏–∑–æ–±—Ä–∞–∂–µ–Ω–∏–µ –≤ –ø–æ–ª–µ –≤–≤–æ–¥–∞ (–Ω–∞–ø—Ä–∏–º–µ—Ä https://example.com/example.png/)"
gui_fgc_hex,–°–≤–æ–π Hex —Ü–≤–µ—Ç
gui_fgc_hex_set,–£—Å—Ç–∞–Ω–æ–≤–∏—Ç—å
gui_fgc_hex_preview,–ü—Ä–µ–¥–ø—Ä–æ—Å–º–æ—Ç—Ä
gui_fgc_hex_title,–°–≤–æ–π —Ü–≤–µ—Ç –æ–±—ä–µ–∫—Ç–∞
gui_fgc_hex_fgc,Hex —Ü–≤–µ—Ç –∏–≥—Ä—ã
gui_fgc_autosave_in,–ê–≤—Ç–æ-—Å–æ—Ö—Ä–∞–Ω–µ–Ω–∏–µ —É—Ä–æ–≤–Ω—è —á–µ—Ä–µ–∑
version_warning_title,"–ü–†–û–í–ï–†–ö–ê –í–ï–†–°–ò–ò"
version_warning,"–í–∞—à Fall Guys –±—ã–ª –æ–±–Ω–æ–≤–ª–µ–Ω. <b>–í–µ—Ä–æ—è—Ç–Ω–æ —ç—Ç–æ –æ–∑–Ω–∞—á–∞–µ—Ç —á—Ç–æ {loaderName} –±–æ–ª—å—à–µ –Ω–µ –±—É–¥–µ—Ç —Ä–∞–±–æ—Ç–∞—Ç—å</b>\n\n–ü–æ–∂–∞–ª—É–π—Å—Ç–∞, –ø—Ä–æ–≤–µ—Ä—å—Ç–µ –æ–±–Ω–æ–≤–ª–µ–Ω–∏—è –≤ –¥–∏—Å–∫–æ—Ä–¥ —Å–µ—Ä–≤–µ—Ä–µ {loaderName} –∏ —É—Å—Ç–∞–Ω–æ–≤–∏—Ç–µ –∏—Ö, –µ—Å–ª–∏ —Ç–∞–∫–æ–≤—ã–µ –∏–º–µ—é—Ç—Å—è! –ï—Å–ª–∏ –æ–±–Ω–æ–≤–ª–µ–Ω–∏–π –Ω–µ—Ç, –∏ {loaderName} –±–æ–ª—å—à–µ –Ω–µ —Ä–∞–±–æ—Ç–∞–µ—Ç –¥–æ–∂–¥–∏—Ç–µ—Å—å –æ–±–Ω–æ–≤–ª–µ–Ω–∏—è"
gui_themes_stat_0,–¢–µ–º—ã –Ω–∞ —É—Å—Ç—Ä–æ–π—Å—Ç–≤–µ
gui_themes_stat_1,–¢–µ–º—ã –≤ –∫–∞—Ç–∞–ª–æ–≥–µ
gui_author,–ê–≤—Ç–æ—Ä
gui_unknown,–ù–µ–∏–∑–≤–µ—Å—Ç–µ–Ω
gui_download,–°–∫–∞—á–∞—Ç—å
gui_theme2download,–¢–µ–º–∞ –¥–ª—è —Å–∫–∞—á–∏–≤–∞–Ω–∏—è
gui_theme2download_url,–ò—Å—Ç–æ—á–Ω–∏–∫
gui_theme2download_size,–†–∞–∑–º–µ—Ä —Ñ–∞–π–ª–∞
gui_view_themes_catalogue,–ü–æ—Å–º–æ—Ç—Ä–µ—Ç—å –∫–∞—Ç–∞–ª–æ–≥ —Ç–µ–º
gui_viewing,–°–º–æ—Ç—Ä–∏–º
gui_web_themes,–ö–∞—Ç–∞–ª–æ–≥ —Ç–µ–º
gui_local_themes,–¢–µ–º—ã –Ω–∞ —É—Å—Ç—Ä–æ–π—Å—Ç–≤–µ
msg_outdated_ver_short,"–ü–æ—Ö–æ–∂–µ, —ç—Ç–∞ –≤–µ—Ä—Å–∏—è —É—Å—Ç–∞—Ä–µ–ª–∞!\n–ù–æ–≤–∞—è –≤–µ—Ä—Å–∏—è ({0}) —É–∂–µ –¥–æ—Å—Ç—É–ø–Ω–∞ –¥–ª—è —Å–∫–∞—á–∏–≤–∞–Ω–∏—è –≤ –¥–∏—Å–∫–æ—Ä–¥ —Å–µ—Ä–≤–µ—Ä–µ {loaderName}!"
gui_catalogue_theme_info_0,"–î–æ–±—Ä–æ –ø–æ–∂–∞–ª–æ–≤–∞—Ç—å –≤ –∫–∞—Ç–∞–ª–æ–≥ –æ–Ω–ª–∞–π–Ω —Ç–µ–º"
gui_catalogue_theme_info_1,"–ú–Ω–µ –ø—Ä–∏—à–ª–æ—Å—å –µ–≥–æ —Å–¥–µ–ª–∞—Ç—å —á—Ç–æ–±—ã –ø—Ä–µ–¥–æ—Ç–≤—Ä–∞—Ç–∏—Ç—å –±–æ–ª—å—à–∏–µ —Ä–∞–∑–º–µ—Ä—ã –æ–±–Ω–æ–≤–ª–µ–Ω–∏–π {loaderName} (–ø–æ—Ç–æ–º—É —á—Ç–æ —Ç–µ–º—ã –≤–µ—Å—è—Ç –¥–æ–≤–æ–ª—å–Ω–æ –º–Ω–æ–≥–æ)"
gui_catalogue_theme_info_2,"- –ü–æ—Å–ª–µ –≤—ã–±–æ—Ä–∞ —Ç–µ–º—ã –í—ã —É–≤–∏–¥–∏—Ç–µ –∏–Ω—Ñ–æ—Ä–º–∞—Ü–∏—é –æ –Ω–µ–π"
gui_catalogue_theme_info_3,"- –ß—Ç–æ–±—ã –∑–∞–≥—Ä—É–∑–∏—Ç—å —Ç–µ–º—É –Ω–∞–∂–º–∏ –Ω–∞ –∫–Ω–æ–ø–∫—É ""–°–∫–∞—á–∞—Ç—å"""
gui_catalogue_theme_exists,"–ü–∞–ø–∫–∞ –¥–ª—è —Ç–µ–º—ã {0} —É–∂–µ —Å—É—â–µ—Å—Ç–≤—É–µ—Ç. –ü–æ–∂–∞–ª—É–π—Å—Ç–∞, —É–¥–∞–ª–∏—Ç–µ –µ—ë"
gui_theme_download_complete_0,"–°–∫–∞—á–∏–≤–∞–Ω–∏–µ —Ç–µ–º—ã {0} –∑–∞–≤–µ—Ä—à–µ–Ω–æ!"
gui_theme_download_complete_1,"–¢–µ–ø–µ—Ä—å –µ—ë –º–æ–∂–Ω–æ –≤—ã–±—Ä–∞—Ç—å –≤ —Å–ø–∏—Å–∫–µ —Å–∫–∞—á–∞–Ω–Ω—ã—Ö —Ç–µ–º"
gui_memes,–ú–µ–º—ãüòÇü§£
gui_download_start_title,–ù–ê–ß–ê–õ–û –ó–ê–ì–†–£–ó–ö–ò
gui_download_end_title,–û–ö–û–ù–ß–ê–ù–ò–ï –ó–ê–ì–†–£–ó–ö–ò
gui_theme_download_start_info,"–¢–µ–º–∞ {0} –∑–∞–≥—Ä—É–∂–∞–µ—Ç—Å—è..."
gui_theme_download_end_info,"–¢–µ–º–∞ {0} –±—ã–ª–∞ –∑–∞–≥—Ä—É–∂–µ–Ω–∞..."
gui_search,–ü–æ–∏—Å–∫
gui_disable_nav,–û—Ç–∫–ª—é—á–∏—Ç—å –ù–∞–≤–∏–≥–∞—Ü–∏—é
gui_play_explore,–ò–≥—Ä–∞—Ç—å –≤ –ò—Å—Å–ª–µ–¥–æ–≤–∞–Ω–∏–µ
gui_fgc_explore_0,–í—Å–µ–≥–æ —Ä–∞—É–Ω–¥–æ–≤ –≤ –ò—Å—Å–ª–µ–¥–æ–≤–∞–Ω–∏–∏
gui_fgc_explore_1,–ü–æ–ª—É—á–µ–Ω–∏–µ —Ä–∞—É–Ω–¥–æ–≤ –∏—Å—Å–ª–µ–¥–æ–≤–∞–Ω–∏—è –ø—Ä–æ–∏—Å—Ö–æ–¥–∏—Ç —á–µ—Ä–µ–∑ API FGAnalyst (cloudseeker.xyz/fga/)
gui_cosmetics_search,–ò—Å–∫–∞—Ç—å –∫–æ—Å–º–µ—Ç–∏–∫—É
stats_qual_times,–í—Å–µ–≥–æ —Ä–∞–∑ –ø—Ä–æ—à–µ–ª
stats_elim_times,–í—Å–µ–≥–æ —Ä–∞–∑ –≤—ã–±—ã–ª
stats_win_times,–í—Å–µ–≥–æ —Ä–∞–∑ –ø–æ–±–µ–¥–∏–ª
gui_creative_loader_warning,"–ü–†–ï–ú–ò–ß–ê–ù–ò–ï: –ù–µ–∫–æ—Ç–æ—Ä—ã–µ –ø—Ä–µ–ø—è—Ç—Å—Ç–≤–∏—è –Ω–µ —Ä–∞–±–æ—Ç–∞—é—Ç."
gui_cosmetics_search_for,–ò—â–µ–º
gui_total_found_items,"–ü—Ä–µ–¥–º–µ—Ç–æ–≤ –Ω–∞–π–¥–µ–Ω–æ"
gui_—Åosmetics_search_nothing,"–ö–æ—Å–º–µ—Ç–∏–∫–∞ –Ω–µ –Ω–∞–π–¥–µ–Ω–∞"
gui_cosmetics_search_err,"–û—à–∏–±–∫–∞ –ø–æ–∏—Å–∫–∞"
gui_cosmetics_search_reset,–°–±—Ä–æ—Å–∏—Ç—å
gui_begin_search,"–ù–∞–π–¥–∏ —á—Ç–æ-—Ç–æ"
gui_cosmetics_search_live_search,–ñ–∏–≤–æ–π –ø–æ–∏—Å–∫
explore_start_title,–ù–ê–ß–ê–¢–¨ –ò–°–°–õ–ï–î–û–í–ê–ù–ò–ï?
explore_start_desc,–≠—Ç–æ –∑–∞–≥—Ä—É–∑–∏—Ç —Ç–µ–±—è –≤ —Å–ª—É—á–∞–π–Ω—ã–π —Ä–∞—É–Ω–¥ –∏—Å—Å–ª–µ–¥–æ–≤–∞–Ω–∏—è!
critical_error_title,–ö–†–ò–¢–ò–ß–ï–°–ö–ê–Ø –û–®–ò–ë–ö–ê
critical_error_desc,"{loaderName} —Å—Ç–æ–ª–∫–Ω—É–ª—Å—è —Å –∫—Ä–∏—Ç–∏—á–µ—Å–∫–æ–π –æ—à–∏–±–∫–æ–π. –ü–æ–∂–∞–ª—É–π—Å—Ç–∞, –≤—ã–π–¥–∏—Ç–µ –∏–∑ –∏–≥—Ä—ã –∏ –æ—Ç–ø—Ä–∞–≤—å—Ç–µ –ª–æ–≥–∏ BepInEx –≤ –¥–∏—Å–∫–æ—Ä–¥ —Å–µ—Ä–≤–µ—Ä"
gui_localization,–Ø–∑—ã–∫
gui_localization_act0,–ò–ó–ú–ï–ù–ò–¢–¨ –Ø–ó–´–ö?
gui_localization_act1,–í—ã —É–≤–µ—Ä–µ–Ω—ã?
gui_localization_act2,–ß—Ç–æ–±—ã –∏–∑–º–µ–Ω–∏—Ç—å —è–∑—ã–∫ –Ω—É–∂–Ω–æ –Ω–∞—Ö–æ–¥–∏—Ç—Å—è –≤ –≥–ª–∞–≤–Ω–æ–º –º–µ–Ω—é
gui_localization_author,–≠—Ç–æ—Ç –ø–µ—Ä–µ–≤–æ–¥ –±—ã–ª –≤—ã–ø–æ–ª–Ω–µ–Ω
gui_download_progress_lang,–ü–æ–ª—É—á–∞–µ–º –ª–æ–∫–∞–ª–∏–∑–∞—Ü–∏—é
gui_download_progress_def,–ü–æ–ª—É—á–∞–µ–º –±–∞–∑–æ–≤—É—é –∏–Ω—Ñ–æ—Ä–º–∞—Ü–∏—é {loaderName}
gui_download_progress_themes,–ü–æ–ª—É—á–∞–µ–º —Ç–µ–º—ã
gui_download_progress_explore,–ü–æ–ª—É—á–∞–µ–º —Ä–∞—É–Ω–¥—ã –∏—Å—Å–ª–µ–¥–æ–≤–∞–Ω–∏—è
gui_download_progress_explore_waiting,–ü–æ–¥–≥–æ—Ç–æ–≤–∫–∞ –∫ –ø–æ–ª—É—á–µ–Ω–∏—é —Ä–∞—É–Ω–¥–æ–≤ –∏—Å—Å–ª–µ–¥–æ–≤–∞–Ω–∏—è. –û–∂–∏–¥–∞–Ω–∏–µ –æ—Ç–≤–µ—Ç–∞ FGAnalyst
gui_downloading_title,–û–î–ù–£ –ú–ò–ù–£–¢–ö–£
gui_downloading_desc,"–î–ª—è –±–æ–ª–µ–µ —Å—Ç–∞–±–∏–ª—å–Ω–æ–π —Ä–∞–±–æ—Ç—ã {loaderName} –Ω—É–∂–Ω–æ –ø–æ–ª—É—á–∏—Ç—å –Ω–µ–∫–æ—Ç–æ—Ä—ã–µ —Ñ–∞–π–ª—ã –∏–∑ –∏–Ω—Ç–µ—Ä–Ω–µ—Ç–∞. –ü–æ–¥–æ–∂–¥–∏—Ç–µ –Ω–µ–º–Ω–æ–≥–æ, —ç—Ç–æ –Ω–µ –∑–∞–π–º–µ—Ç –º–Ω–æ–≥–æ –≤—Ä–µ–º–µ–Ω–∏"
gui_explore_error_title,"–†–ê–£–ù–î–û–í –ü–û–ö–ê –ù–ï–¢"
gui_explore_error_desc,"–†–∞—É–Ω–¥—ã –∏—Å—Å–ª–µ–¥–æ–≤–∞–Ω–∏—è –Ω–µ –∑–∞–≥—Ä—É–∂–µ–Ω—ã, –ø–æ–ø—Ä–æ–±—É–π—Ç–µ –ø–æ–∑–∂–µ"
gui_fgc_placeholder,"–í–≤–µ–¥–∏ –∫–æ–¥ —É—Ä–æ–≤–Ω—è —á—Ç–æ–±—ã —É–≤–∏–¥–µ—Ç—å –∏–Ω—Ñ–æ—Ä–º–∞—Ü–∏—é –æ –Ω–µ–º"
gui_fgc_not_found,"–ù–µ–≤–æ–∑–º–æ–∂–Ω–æ –Ω–∞–π—Ç–∏ —É—Ä–æ–≤–µ–Ω—å –ø–æ —ç—Ç–æ–º—É –∫–æ–¥—É, —É–±–µ–¥–∏—Ç–µ—Å—å —á—Ç–æ –∫–æ–¥ –≤–≤–µ–¥–µ–Ω –∫–æ—Ä—Ä–µ–∫—Ç–Ω–æ –∏ –ø–æ–ø—Ä–æ–±—É–π—Ç–µ –µ—â–µ —Ä–∞–∑"
gui_debug_saved_in,–°–æ—Ö—Ä–∞–Ω–µ–Ω–æ –≤ –ø–∞–ø–∫–µ {loaderName}
gui_debug_hide,{0} - —Å–∫—Ä—ã—Ç—å
gui_debug_new_report,–ù–æ–≤—ã–π –æ—Ç—á—ë—Ç –æ–± –æ—à–∏–±–∫–µ
gui_debug_new_report_desc,"–≠—Ç–æ —Å–æ–∑–¥–∞—Å—Ç –æ—Ç—á—ë—Ç –æ–± –æ—à–∏–±–∫–µ –≤ –ø–∞–ø–∫–µ {loaderName}"
gui_debug_new_report_success,"–û—Ç—á—ë—Ç –æ–± –æ—à–∏–±–∫–µ —Å–æ—Ö—Ä–∞–Ω–µ–Ω –≤ –ø–∞–ø–∫–µ {loaderName}"
gui_debug_new_report_fail,"–ù–µ–≤–æ–∑–º–æ–∂–Ω–æ —Å–æ–∑–¥–∞—Ç—å –æ—Ç—á—ë—Ç –æ–± –æ—à–∏–±–∫–µ"
gui_debug_report_folder,–ü–∞–ø–∫–∞ –æ—Ç—á—ë—Ç–æ–≤
gui_themes_catalogue_empty,–ö–∞—Ç–∞–ª–æ–≥ –ø—É—Å—Ç
gui_select,–í—ã–±—Ä–∞—Ç—å
gui_catalogue_theme_exists_new,"–ü–∞–ø–∫–∞ –¥–ª—è —ç—Ç–æ–π —Ç–µ–º—ã —É–∂–µ —Å—É—â–µ—Å—Ç–≤—É–µ—Ç, –æ–Ω–∞ –±—É–¥–µ—Ç —É–¥–∞–ª–µ–Ω–∞!"
gui_theme_download_progress,–ó–∞–≥—Ä—É–∂–∞–µ–º —Ç–µ–º—É {0}. –ü–æ–¥–æ–∂–¥–∏—Ç–µ...
gui_complete,–ó–∞–≤–µ—Ä—à–µ–Ω–æ
gui_theme_download_error,–ù–µ–≤–æ–∑–º–æ–∂–Ω–æ –∑–∞–≥—Ä—É–∑–∏—Ç—å —Ç–µ–º—É
gui_theme_download_error_0,–û–±—ã—á–Ω–æ —ç—Ç–æ –ø—Ä–æ–∏—Å—Ö–æ–¥–∏—Ç –ø–æ —Å–ª–µ–¥—É—é—â–∏–º –ø—Ä–∏—á–∏–Ω–∞–º
gui_theme_download_error_1,- –ß—Ç–æ-—Ç–æ –Ω–µ —Ç–∞–∫ —Å —Å–æ–µ–¥–∏–Ω–µ–Ω–∏–µ–º
gui_theme_download_error_2,- –§–∞–π–ª—ã —Ç–µ–º—ã –±—ã–ª–∏ —É–¥–∞–ª–µ–Ω—ã —Å —Å–µ—Ä–≤–µ—Ä–∞
gui_theme_download_error_3,- –°–µ—Ä–≤–µ—Ä —Å —Ñ–∞–π–ª–∞–º–∏ –Ω–µ —Ä–∞–±–æ—Ç–∞–µ—Ç
gui_theme_download_error_4,- –î–æ –≤–∑—Ä—ã–≤–∞ –≤–∞—à–µ–≥–æ –ü–ö –æ—Å—Ç–∞–ª–æ—Å—å —á—É—Ç—å –º–µ–Ω—å—à–µ 10-—Ç–∏ –º–∏–Ω—É—Ç
gui_error_we_got,–û—à–∏–±–∫—É –∫–æ—Ç–æ—Ä—É—é –º—ã –ø–æ–ª—É—á–∏–ª–∏
gui_theme_selected_error,"–ù–µ–≤–æ–∑–º–æ–∂–Ω–æ —Å–∫–∞—á–∞—Ç—å —ç—Ç—É —Ç–µ–º—É –ø–æ—Ç–æ–º—É —á—Ç–æ –æ–Ω–∞ —É–∂–µ –≤—ã–±—Ä–∞–Ω–∞, –≤—ã–±–µ—Ä–∏—Ç–µ –¥—Ä—É–≥—É—é –∏ –ø–æ–ø—Ä–æ–±—É–π—Ç–µ —Å–Ω–æ–≤–∞"
gui_round_options,–ü—Ä–∞–≤–∏–ª–∞ –†–∞—É–Ω–¥–∞
gui_round_options_pcount,–ö–æ–ª-–≤–æ –∏–≥—Ä–æ–∫–æ–≤
gui_round_options_pcount_desc,–ü–æ–ª–µ–∑–Ω–æ –¥–ª—è —Ç–∞–∫–∏—Ö —Ä–∞—É–Ω–¥–æ–≤ –∫–∞–∫ –∫–æ–ª—å—Ü–æ –∏–∑ –ø–ª–∏—Ç–æ–∫
gui_round_options_timer,–í–∫–ª—é—á–∏—Ç—å —Ç–∞–π–º–µ—Ä?
gui_round_options_timer_limit,–î–ª–∏–Ω–∞ —Ä–∞—É–Ω–¥–∞
gui_minutes,–ú–∏–Ω—É—Ç—ã
gui_seconds,–°–µ–∫—É–Ω–¥—ã
gui_round_options_seed,–°–∏–¥ —Ä–∞—É–Ω–¥–∞
gui_round_options_seed_desc,–ï—Å–ª–∏ –Ω–µ —É–∫–∞–∑–∞–Ω–æ –∏–ª–∏ —Ä–∞–≤–Ω–æ 0 –±—É–¥–µ—Ç –≤—ã–±—Ä–∞–Ω —Å–ª—É—á–∞–π–Ω—ã–π —Å–∏–¥
gui_save_apply,–°–æ—Ö—Ä–∞–Ω–∏—Ç—å & –ü—Ä–∏–º–µ–Ω–∏—Ç—å
gui_round_options_hardmode,–°–ª–æ–∂–Ω—ã–π —Ä–µ–∂–∏–º
gui_round_options_timer_limit_desc,–ï—Å–ª–∏ –≤—Ä–µ–º—è –Ω–µ —É—Å—Ç–∞–Ω–æ–≤–ª–µ–Ω–æ –±—É–¥–µ—Ç –∏—Å–ø–æ–ª—å–∑–æ–≤–∞–Ω–æ –≤—Ä–µ–º—è –ø–æ —É–º–æ–ª—á–∞–Ω–∏—é.
gui_debug_as_zip,–°–æ–∑–¥–∞—Ç—å –∫–∞–∫ ZIP
newsfeed_beta_private_title,–î–æ–±—Ä–æ –ø–æ–∂–∞–ª–æ–≤–∞—Ç—å –≤ –∑–∞–∫—Ä—ã—Ç—É—é –±–µ—Ç—É {loaderName}
newsfeed_beta_private_desc,"–¢—ã –∏ —Ç–∞–∫ –∑–Ω–∞–µ—à—å —á—Ç–æ –Ω—É–∂–Ω–æ –¥–µ–ª–∞—Ç—å, –≤–∞–ª—è–π!"
gui_up_prompt,–í—ã –∏–≥—Ä–∞–µ—Ç–µ –≤ –∏—Å—Å–ª–µ–¥–æ–≤–∞–Ω–∏–µ. –ß—Ç–æ–±—ã –≤—ã–±–∏—Ä–∞—Ç—å —Ä–∞—É–Ω–¥—ã –≤—ã–π–¥–∏—Ç–µ –≤ –≥–ª–∞–≤–Ω–æ–µ –º–µ–Ω—é
gui_debug_press_again,–ù–∞–∂–º–∏ {0} —Å–Ω–æ–≤–∞ —á—Ç–æ–±—ã –æ—Ç–∫—Ä—ã—Ç—å –æ—Ç–∫–ª–∞–¥–∫—É
gui_theme_dir,–ü–∞–ø–∫–∞ —Å —Ç–µ–º–æ–π
gui_theme_del,–£–¥–∞–ª–∏—Ç—å —Ç–µ–º—É
gui_theme_delete_title,–£–¥–∞–ª–∏—Ç—å —Ç–µ–º—É {selectedTheme}?
gui_theme_delete_desc,–í—ã —É–≤–µ—Ä–µ–Ω—ã?
gui_play_explore_unity,–ò—Å—Å–ª–µ–¥–æ–≤–∞–Ω–∏–µ - Unity
gui_play_explore_endless,–ò—Å—Å–ª–µ–¥–æ–≤–∞–Ω–∏–µ - –ë–µ—Å–∫–æ–Ω–µ—á–Ω–æ—Å—Ç—å
gui_explore_endless_title,–ß—Ç–æ —Ç–∞–∫–æ–µ –∏—Å—Å–ª–µ–¥–æ–≤–∞–Ω–∏–µ –±–µ—Å–∫–æ–Ω–µ—á–Ω–æ—Å—Ç—å?
gui_explore_endless_desc,–ò—Å—Å–ª–µ–¥–æ–≤–∞–Ω–∏–µ –±–µ—Å–∫–æ–Ω–µ—á–Ω–æ—Å—Ç—å —ç—Ç–æ —Å–±–æ—Ä–∫–∞ —Ä–∞—É–Ω–¥–æ–≤ unity –∏ —Ä–∞—É–Ω–¥–æ–≤ –∏—Å—Å–ª–µ–¥–æ–≤–∞–Ω–∏—è. –£ –≤–∞—Å –µ—Å—Ç—å 50% —à–∞–Ω—Å –Ω–∞ –ø–æ–ª—É—á–µ–Ω–∏–µ –∫–∞—Ä—Ç—ã unity –∏–ª–∏ –∫–∞—Ä—Ç—ã –∏–∑ –∏—Å—Å–ª–µ–¥–æ–≤–∞–Ω–∏—è
gui_explore_desc_base,–ö–∞–∫ –∏—Å—Å–ª–µ–¥–æ–≤–∞–Ω–∏–µ —Ä–∞–±–æ—Ç–∞–µ—Ç –≤ {loaderName}?\n- –í—ã –º–æ–∂–µ—Ç–µ –ø—Ä–æ–ø—É—Å–∫–∞—Ç—å —Ä–∞—É–Ω–¥—ã —Ç–∞–∫ –∂–µ –∫–∞–∫ –∏ –≤ –æ–±—ã—á–Ω–æ–π –∏–≥—Ä–µ\n- –í—ã –º–æ–∂–µ—Ç–µ —Ñ–∏–ª—å—Ç—Ä–æ–≤–∞—Ç—å —Ä–∞—É–Ω–¥—ã –ø–æ –∏—Ö —Ç–∏–ø—É –≤ –∫–æ–Ω—Ñ–∏–≥–µ\n- –í —Ä–∞—É–Ω–¥–∞—Ö –Ω–∞ –≤—ã–∂–∏–≤–∞–Ω–∏–µ –≤—Å–µ–≥–¥–∞ –≤–∫–ª—é—á–µ–Ω –ª–∏–º–∏—Ç –ø–æ –≤—Ä–µ–º–µ–Ω–∏\n- –ß—Ç–æ–±—ã –ø—Ä–µ–∫—Ä–∞—Ç–∏—Ç—å –∏–≥—Ä–∞—Ç—å –≤ –∏—Å—Å–ª–µ–¥–æ–≤–∞–Ω–∏–µ –∏—Å–ø–æ–ª—å–∑—É–π—Ç–µ –º–µ–Ω—é –ø–∞—É–∑—ã –∏–ª–∏ –∏–Ω—Ç–µ—Ä—Ñ–µ–π—Å {loaderName}
gui_explore_unity_title,""
gui_explore_unity_desc,""
gui_localization_faq_title,–ö–∞–∫ –ø–µ—Ä–µ–≤–µ—Å—Ç–∏ {loaderName}?
gui_localization_faq_desc,"- –°–æ–∑–¥–∞–π—Ç–µ –ø–∞–ø–∫—É –¥–ª—è –≤–∞—à–µ–≥–æ —è–∑—ã–∫–∞ —Å—Å—ã–ª–∞—è—Å—å –Ω–∞ language-codes.csv –∫–æ—Ç–æ—Ä—ã–π –Ω–∞—Ö–æ–¥–∏—Ç—Å—è –≤ Assets.\n- –°–∫–æ–ø–∏—Ä—É–π—Ç–µ ""locale.csv""–∏–∑ —Å—É—â–µ—Å—Ç–≤—É—é—â–µ–π –ª–æ–∫–∞–ª–∏–∑–∞—Ü–∏–∏ –∏ –ø–µ—Ä–µ–º–µ—Å—Ç–∏—Ç–µ –µ–≥–æ –≤ –≤–∞—à—É –Ω–æ–≤—É—é –ø–∞–ø–∫—É.\n- –û—Ç–∫—Ä–æ–π—Ç–µ ""locale.csv"" —á–µ—Ä–µ–∑ –ª—é–±–æ–π CSV —Ä–µ–¥–∞–∫—Ç–æ—Ä –∏ –∏–∑–º–µ–Ω–∏—Ç–µ —á—Ç–æ —Ç—Ä–µ–±—É–µ—Ç—Å—è.\n- –ö–æ–≥–¥–∞ –≤—ã –∑–∞–∫–æ–Ω—á–∏–ª–∏, —Å–æ—Ö—Ä–∞–Ω–∏—Ç–µ –≤–∞—à–∏ –∏–∑–º–µ–Ω–µ–Ω–∏—è –≤ –∫–æ–¥–∏—Ä–æ–≤–∫–µ UTF-8 (–æ–±—ã—á–Ω–æ —É—Å—Ç–∞–Ω–æ–≤–ª–µ–Ω–∞ –ø–æ —É–º–æ–ª—á–∞–Ω–∏—é).\n- –ß—Ç–æ–±—ã –∏—Å–ø–æ–ª—å–∑–æ–≤–∞—Ç—å –≤–∞—à—É –ª–æ–∫–∞–ª–∏–∑–∞—Ü–∏—é –≤ –∏–≥—Ä–µ, —É–∫–∞–∂–∏—Ç–µ –∏–º—è –ø–∞–ø–∫–∏ –∫–æ—Ç–æ—Ä—É—é –≤—ã —Å–æ–∑–¥–∞–ª–∏ –¥–ª—è –ø–∞—Ä–∞–º–µ—Ç—Ä–∞ ""Localization File Name"" –≤ –∫–æ–Ω—Ñ–∏–≥–µ –∏–ª–∏ –∏—Å–ø–æ–ª—å–∑—É–π—Ç–µ –∏–Ω—Ç—Ä–µ—Ñ–µ–π—Å {loaderName}.\n- –ï—Å–ª–∏ –≤—ã —Ö–æ—Ç–∏—Ç–µ –ø–µ—Ä–µ–≤–µ—Å—Ç–∏ –æ–ø–∏—Å–∞–Ω–∏—è –¥–ª—è –∫–æ–Ω—Ñ–∏–≥–∞ –∏–ª–∏ –∞–≤—Ç–æ—Ä—Å—Ç–≤–æ, —Å–∫–æ–ø–∏—Ä—É–π—Ç–µ —Å–ø–µ—Ü–∏–∞–ª—å–Ω—ã–µ —Ñ–∞–π–ª—ã –¥–ª—è –Ω–∏—Ö (credits.txt –∏ config-descs.txt) –∏–∑ —Å—É—â–µ—Å—Ç–≤—É—é—â–µ–π –ª–æ–∫–∞–ª–∏–∑–∞—Ü–∏–∏ –∏ –ø–æ–º–µ—Å—Ç–∏—Ç–µ –∏—Ö –≤ –≤–∞—à—É –ª–æ–∫–∞–ª–∏–∑–∞—Ü–∏—é, –ø–æ—Å–ª–µ —ç—Ç–æ–≥–æ –ø–µ—Ä–µ–≤–µ–¥–∏—Ç–µ –∏—Ö —Ç–∞–∫–∏–º –∂–µ –æ–±—Ä–∞–∑–æ–º.\n- –ù–µ —Å—Ç–µ—Å–Ω—è–π—Ç–µ—Å—å –æ—Ç–ø—Ä–∞–≤–ª—è—Ç—å –≤–∞—à –ø–µ—Ä–µ–≤–æ–¥ –≤ –¥–∏—Å–∫–æ—Ä–¥ —Å–µ—Ä–≤–µ—Ä {loaderName}. –í–µ—Ä–æ—è—Ç–Ω–µ–µ –≤—Å–µ–≥–æ –æ–Ω –±—É–¥–µ—Ç –¥–æ–±–∞–≤–ª–µ–Ω –≤ —Å–ª–µ–¥—É—é—â–∏—Ö –æ–±–Ω–æ–≤–ª–µ–Ω–∏—è—Ö"
gui_themes_faq_title,–ö–∞–∫ —Å–æ–∑–¥–∞—Ç—å —Ç–µ–º—É?
gui_themes_faq_desc,""
gui_themes_catalogue_faq_title,–ö–∞–∫ –¥–æ–±–∞–≤–∏—Ç—å –º–æ—é —Ç–µ–º—É –≤ –∫–∞—Ç–∞–ª–æ–≥?
gui_themes_catalogue_faq_desc,"–û—Ç–ø—Ä–∞–≤—å—Ç–µ —Ñ–∞–π–ª—ã —Ç–µ–º—ã –≤ –¥–∏—Å–∫–æ—Ä–¥ —Å–µ—Ä–≤–µ—Ä –∏ –µ—Å–ª–∏ –æ–Ω–∏ –¥–æ—Å—Ç–∞—Ç–æ—á–Ω–æ —Ö–æ—Ä–æ—à–∏ —Ç–µ–º–∞ –±—É–¥–µ—Ç –¥–æ–±–∞–≤–ª–µ–Ω–∞ –∏ –±—É–¥–µ—Ç –¥–æ—Å—Ç—É–ø–Ω–∞ –≤—Å–µ–º."
gui_btn_got_it,–ü–æ–Ω—è—Ç–Ω–æ!
gui_localization_lang_dir,–ü–∞–ø–∫–∞ –Ø–∑—ã–∫–∞
gui_ugc_show_tab,–ü–æ–ª—å–∑–æ–≤–∞—Ç–µ–ª—å—Å–∫–∏–µ —à–æ—É
gui_ugc_show_about,"–ü–æ–ª—å–∑–æ–≤–∞—Ç–µ–ª—å—Å–∫–∏–µ —à–æ—É —ç—Ç–æ —à–æ—É –∫–æ—Ç–æ—Ä—ã–µ –±—ã–ª–∏ —Å–¥–µ–ª–∞–Ω—ã –ø–æ–ª—å–∑–æ–≤–∞—Ç–µ–ª—è–º–∏–∏ {loaderName}."
gui_show_no_rounds_title,"–ù–ï–í–û–ó–ú–û–ñ–ù–û –ù–ê–ô–¢–ò –†–ê–£–ù–î –î–õ–Ø –ò–ì–†–´!"
gui_show_no_rounds_desc,"–ü—Ä–æ–≤–µ—Ä—å—Ç–µ —Ñ–∏–ª—å—Ç—Ä —Ä–∞—É–Ω–¥–æ–≤ –∏ —Ä–∞—É–Ω–¥–ø—É–ª —à–æ—É."
fgt_tooltip_ru_special,"–û –í–ï–õ–ò–ö–ò–ô –ó–ê–ü–†–ï–¢ –•–†–ê–ù–ò –ù–ê–®–ò–• –†–û–°–ö–û–ú–ù–ê–î–ó–û–†–¶–ï–í –ó–ê–ü–†–ï–¢ –ó–ê–ü–†–ï–¢ –ó–ê–ü–†–ï–¢ –°–ü–ê–°–ò–ë–û! –û –í–ï–õ–ò–ö–ò–ô –ó–ê–ü–†–ï–¢ –•–†–ê–ù–ò –ù–ê–®–ò–• –†–û–°–ö–û–ú–ù–ê–î–ó–û–†–¶–ï–í –ó–ê–ü–†–ï–¢ –ó–ê–ü–†–ï–¢ –ó–ê–ü–†–ï–¢"
failed_desc_new,"–ß—Ç–æ-—Ç–æ –ø–æ—à–ª–æ –Ω–µ —Ç–∞–∫..."
gui_page,"–°—Ç—Ä–∞–Ω–∏—Ü–∞"
gui_out_of,"–∏–∑"
fgc_temp_request_ban,"–í—ã –æ—Ç–ø—Ä–∞–≤–ª—è–µ—Ç–µ –∑–∞–ø—Ä–æ—Å—ã –Ω–∞ —Å–µ—Ä–≤–µ—Ä–∞ Fall Guys —Å–ª–∏—à–∫–æ–º —á–∞—Å—Ç–æ, —ç—Ç–æ –º–æ–∂–µ—Ç –ø—Ä–∏–≤–µ—Å—Ç–∏ –∫ —Ç–æ–º—É —á—Ç–æ —Å–µ—Ä–≤–µ—Ä–∞ Fall Guys –≤—Ä–µ–º–µ–Ω–Ω–æ –∑–∞–±–ª–æ–∫–∏—Ä—É—é—Ç –≤–∞—à IP"
ratelimited_title,–û–ì–†–ê–ù–ò–ß–ï–ù!
fgc_temp_request_ban_1,"–ö–∞–∫ —è —É–∂–µ —Å–∫–∞–∑–∞–ª, —Ç—ã –Ω–µ –º–æ–∂–µ—à—å –æ—Ç–ø—Ä–∞–≤–ª—è—Ç—å —Å—Ç–æ–ª—å–∫–æ –∑–∞–ø—Ä–æ—Å–æ–≤ –∑–∞ —Ç–∞–∫–æ–π –∫–æ—Ä–æ—Ç–∫–∏–π –ø–µ—Ä–∏–æ–¥ –≤—Ä–µ–º–µ–Ω–∏. –¢—ã –∂–µ –ø–æ–Ω–∏–º–∞–µ—à—å —á—Ç–æ —è –≥–æ–≤–æ—Ä—é?"
fgc_temp_request_ban_2,"–ë—Ä–∞—Ç–∞–Ω, —ç—Ç–æ –¥–∞–∂–µ –Ω–µ —Å–º–µ—à–Ω–æ"
fgc_temp_request_ban_3,–¢—ã –ø–æ–∂–∞–ª–µ–µ—à—å –æ–± —ç—Ç–æ–º...
fgc_temp_request_ban_desc,"–î–ª—è –≤–∞—à–µ–π –∂–µ –±–µ–∑–æ–ø–∞—Å–Ω–æ—Å—Ç–∏ –≤—ã –Ω–µ –º–æ–∂–µ—Ç–µ –æ—Ç–ø—Ä–∞–≤–ª—è—Ç—å –Ω–æ–≤—ã–µ –∑–∞–ø—Ä–æ—Å—ã –¥–æ"
gui_random_no_rounds,–ù–µ–≤–æ–∑–º–æ–∂–Ω–æ –Ω–∞–π—Ç–∏ —Ä–∞—É–Ω–¥ –¥–ª—è –∑–∞–≥—Ä—É–∑–∫–∏.
changelog_limit_new,"{0} –∏–∑–º–µ–Ω–µ–Ω–∏–π –æ—Ç—Å—É—Ç—Å—Ç–≤—É—é—Ç –≤ —Å–ø–∏—Å–∫–µ. –ü–æ–ª–Ω—ã–π —Å–ø–∏—Å–æ–∫ –∏–∑–º–µ–Ω–µ–Ω–∏–π –º–æ–∂–Ω–æ –Ω–∞–π—Ç–∏ –≤ –¥–∏—Å–∫–æ—Ä–¥ —Å–µ–≤—Ä–µ—Ä–µ!"
gui_download_progress_playlists,–ó–∞–≥—Ä—É–∂–∞–µ–º –ü–æ–ª—å–∑–æ–≤–∞—Ç–µ–ª—å—Å–∫–∏–µ —à–æ—É
gui_preset_first_wheel,–û–ø—Ü–∏—è –≤ –ø–µ—Ä–≤–æ–º –∫–æ–ª–µ—Å–µ
gui_preset_second_wheel,–û–ø—Ü–∏—è –≤–æ –≤—Ç–æ—Ä–æ–º –∫–æ–ª–µ—Å–µ
gui_preset_phrase,–§—Ä–∞–∑–∞
gui_preset_emoticon,–≠–º–æ–¥–∑–∏
gui_preset_date,–î–∞—Ç–∞ —Å–æ–∑–¥–∞–Ω–∏—è
gui_show_unnamed,–ë–µ–∑—ã–º—è–Ω–Ω–æ–µ –®–æ—É
gui_show_onlyon,–¢–æ–ª—å–∫–æ –Ω–∞ —ç—Ç–∏—Ö —Å—Ç–∞–¥–∏—è—Ö
gui_show_cannotbe,–ù–µ –º–æ–∂–µ—Ç –±—ã—Ç—å –Ω–∞ —ç—Ç–∏—Ö —Å—Ç–∞–¥–∏—è—Ö
gui_round_unnamed,–ë–µ–∑—ã–º—è–Ω–Ω—ã–π —Ä–∞—É–Ω–¥
gui_fgc_local_autosaves,–ê–≤—Ç–æ—Å–æ—Ö—Ä–∞–Ω–µ–Ω–∏—è FGC
gui_fgc_local_autosaves_desc,–ö–∞–∂–¥—ã–π —Ä–∞–∑ –∫–æ–≥–¥–∞ –≤–∞—à —É—Ä–æ–≤–µ–Ω—å –∞–≤—Ç–æ—Å–æ—Ö—Ä–∞–Ω—è–µ—Ç—Å—è —á–µ—Ä–µ–∑ {loaderName} –µ–≥–æ –ª–æ–∫–∞–ª—å–Ω–∞—è –∫–æ–ø–∏—è —Å–æ–∑–¥–∞–µ—Ç—Å—è –≤ –ø–∞–ø–∫–µ {loaderName}. –í—ã –≤—Å–µ–≥–¥–∞ –º–æ–∂–µ—Ç–µ –≤–µ—Ä–Ω—É—Ç—å—Å—è –∫ —ç—Ç–æ–π –∫–æ–ø–∏–∏ –≤—ã–±—Ä–∞–≤ –µ—ë.
gui_local_save_load,–ó–∞–≥—Ä—É–∑–∏—Ç—å –°–æ—Ö—Ä–∞–Ω–µ–Ω–∏–µ
gui_local_save_create,–°–æ—Ö—Ä–∞–Ω–∏—Ç—å –¢–µ–∫—É—â–∏–π –£—Ä–æ–≤–µ–Ω—å
gui_local_save_del_all,–£–¥–∞–ª–∏—Ç—å –í—Å–µ –°–æ—Ö—Ä–∞–Ω–µ–Ω–∏—è
gui_local_save_checksum_fail_title,–ù–ï–í–û–ó–ú–û–ñ–ù–û –ü–†–û–í–ï–†–ò–¢–¨ –ü–û–î–õ–ò–ù–ù–û–°–¢–¨ –£–†–û–í–ù–Ø
gui_local_save_checksum_fail_desc,"–í–µ—Ä–æ—è—Ç–Ω–æ —É—Ä–æ–≤–µ–Ω—å –±—ã–ª –º–æ–¥–∏—Ñ–∏—Ü–∏—Ä–æ–≤–∞–Ω –∏–∑–≤–Ω–µ, —ç—Ç–æ –Ω–µ —Ä–∞–∑—Ä–µ—à–µ–Ω–æ. –û—Ç–º–µ–Ω–∏—Ç–µ –≤—Å–µ –∏–∑–º–µ–Ω–µ–Ω–∏—è –∫–æ—Ç–æ—Ä—ã–µ –±—ã–ª–∏ —Å–¥–µ–ª–∞–Ω—ã –≤ —É—Ä–æ–≤–µ–Ω—å –∏ –ø–æ–ø—Ä–æ–±—É–π—Ç–µ –∑–∞–≥—Ä—É–∑–∏—Ç—å –µ–≥–æ —Å–Ω–æ–≤–∞."
gui_local_save_generic_error_title,–ú–ù–ï –ñ–ê–õ–¨!
gui_local_save_generic_error_desc,"–ß—Ç–æ-—Ç–æ –ø–æ—à–ª–æ –Ω–µ —Ç–∞–∫ –ø—Ä–∏ –∑–∞–≥—Ä—É–∑–∫–µ –∞–≤—Ç–æ—Å–æ—Ö—Ä–∞–Ω–µ–Ω–∏—è. –ü–æ–ø—Ä–æ—Å–∏—Ç–µ –ø–æ–º–æ—â–∏ –≤ –¥–∏—Å–∫–æ—Ä–¥ —Å–µ—Ä–≤–µ—Ä–µ {loaderName} –µ—Å–ª–∏ –≤—ã –Ω–µ –º–æ–∂–µ—Ç–µ —Ä–µ—à–∏—Ç—å —ç—Ç–æ —Å–∞–º–æ—Å—Ç–æ—è—Ç–µ–ª—å–Ω–æ. –í—ã —Ç–∞–∫ –∂–µ –º–æ–∂–µ—Ç–µ –ø–æ–ø—Ä–æ–±–æ–≤–∞—Ç—å –∑–∞–≥—Ä—É–∑–∏—Ç—å —Å–æ—Ö—Ä–∞–Ω–µ–Ω–∏–µ –ø–æ—Å–ª–µ –ø–µ—Ä–µ–∑–∞—Ö–æ–¥–∞ –≤ –∏–≥—Ä—É, —ç—Ç–æ –º–æ–∂–µ—Ç –ø–æ–º–æ—á—å"
gui_local_save_missing_error_title,–£–†–û–í–ï–ù–¨ –ù–ï –ù–ê–ô–î–ï–ù
gui_local_save_missing_error_desc,–†–∞–Ω–µ–µ —Å–æ—Ö—Ä–∞–Ω–µ–Ω–Ω—ã–π —É—Ä–æ–≤–µ–Ω—å –Ω–µ –Ω–∞–π–¥–µ–Ω. –í–æ–∑–º–æ–∂–Ω–æ –í—ã —É–¥–∞–ª–∏–ª–∏ –µ–≥–æ?
gui_local_save_metadata_error_title,–î–ê–ù–ù–´–ï –û–ë –£–†–û–í–ù–ï –ù–ï –ù–ê–ô–î–ï–ù–´
gui_local_save_metadata_error_desc,–í—ã–±–µ—Ä–∏—Ç–µ –¥—Ä—É–≥–æ–π —É—Ä–æ–≤–µ–Ω—å
gui_local_save_menu_error_title,–ù–ï –í –ì–õ–ê–í–ù–û–ú –ú–ï–ù–Æ
gui_local_save_menu_error_desc,–ß—Ç–æ–±—ã –∑–∞–≥—Ä—É–∑–∏—Ç—å –∞–≤—Ç–æ—Å–æ—Ö—Ä–∞–Ω–µ–Ω–∏–µ –Ω—É–∂–Ω–æ –±—ã—Ç—å –≤ –≥–ª–∞–≤–Ω–æ–º –º–µ–Ω—é.
gui_delete_local_saves_title,–£–î–ê–õ–ò–¢–¨ –õ–û–ö–ê–õ–¨–ù–û –°–û–•–†–ê–ù–ï–ù–ù–´–ï –£–†–û–í–ù–ò?
gui_delete_local_saves_desc,"–í—Å–µ —É—Ä–æ–≤–Ω–∏ –∫–æ—Ç–æ—Ä—ã–µ –±—ã–ª–∏ —Å–æ—Ö—Ä–∞–Ω–µ–Ω—ã –ª–æ–∫–∞–ª—å–Ω–æ –±—É–¥—É—Ç —É–¥–∞–ª–µ–Ω—ã, –∞ –≤–∞—à–∞ –∏–≥—Ä–∞ –±—É–¥–µ—Ç –∑–∞–∫—Ä—ã—Ç–∞."
gui_local_save_fresh_warn,"–í–µ—Ä–æ—è—Ç–Ω–æ, —É –í–∞—Å –Ω–µ –≤—ã–π–¥–µ—Ç —Å–æ—Ö—Ä–∞–Ω–∏—Ç—å —ç—Ç–æ—Ç —É—Ä–æ–≤–µ–Ω—å"
gui_cosmetics_search_as_list,–†–µ–∑—É–ª—å—Ç–∞—Ç—ã –∫–∞–∫ —Å–ø–∏—Å–æ–∫
gui_local_save_no_saves,–°–æ—Ö—Ä–∞–Ω–µ–Ω–Ω—ã—Ö —É—Ä–æ–≤–Ω–µ–π –ø–æ–∫–∞ –Ω–µ—Ç!
gui_fgc_autosave_result,–†–µ–∑—É–ª—å—Ç–∞—Ç –∞–≤—Ç–æ—Å–æ—Ö—Ä–∞–Ω–µ–Ω–∏—è ""{0}""
gui_fgc_autosave_going,–£—Ä–æ–≤–µ–Ω—å —Å–æ—Ö—Ä–∞–Ω—è–µ—Ç—Å—è...
gui_local_save_del_level,–£–¥–∞–ª–∏—Ç—å –í—Å–µ –°–æ—Ö—Ä–∞–Ω–µ–Ω–∏—è –î–ª—è –≠—Ç–æ–≥–æ –£—Ä–æ–≤–Ω—è
gui_local_save_del_level_title,–£–î–ê–õ–ò–¢–¨ –í–°–ï –°–û–•–†–ê–ù–ï–ù–ò–Ø –î–õ–Ø –£–†–û–í–ù–Ø ¬´{0}¬ª?
gui_local_save_del_level_desc,–í—Å–µ —Å–æ—Ö—Ä–∞–Ω–µ–Ω–∏—è –¥–ª—è —É—Ä–æ–≤–Ω—è ¬´{0}¬ª –±—É–¥—É—Ç —É–¥–∞–ª–µ–Ω—ã. –≠—Ç–æ –≤–∫–ª—é—á–∞–µ—Ç –≤ —Å–µ–±—è {1} —Å–æ—Ö—Ä–∞–Ω–µ–Ω–∏–π.
gui_local_save_del_save,–£–¥–∞–ª–∏—Ç—å –í—ã–±—Ä–∞–Ω–Ω–æ–µ –°–æ—Ö—Ä–∞–Ω–µ–Ω–∏–µ
gui_local_save_del_save_title,–£–î–ê–õ–ò–¢–¨ –°–û–•–†–ê–ù–ï–ù–ò–ï ¬´{0}¬ª?
gui_local_save_del_save_desc,–°–æ—Ö—Ä–∞–Ω–µ–Ω–∏–µ ¬´{0}¬ª –¥–ª—è —É—Ä–æ–≤–Ω—è ¬´{1}¬ª –±—É–¥–µ—Ç —É–¥–∞–ª–µ–Ω–æ.
gui_space_after_deletion,–£–¥–∞–ª–µ–Ω–∏–µ –æ—Å–≤–æ–±–æ–¥–∏—Ç ¬´{0}¬ª –º–µ—Å—Ç–∞ –Ω–∞ –¥–∏—Å–∫–µ
gui_deletion_generic_warning,<b>–≠–¢–û –î–ï–ô–°–¢–í–ò–ï –ù–ï–õ–¨–ó–Ø –û–¢–ú–ï–ù–ò–¢–¨!</b>
gui_local_save_stat_level,–ò–ù–§–û–†–ú–ê–¶–ò–Ø –û–ë –£–†–û–í–ù–ï
gui_local_save_stat_0,–î–ª—è —É—Ä–æ–≤–Ω—è
gui_local_save_stat_1,–î–∞—Ç–∞ —Å–æ—Ö—Ä–∞–Ω–µ–Ω–∏—è
gui_local_save_stat_2,–°—Ç–∞—Ç—É—Å —É—Ä–æ–≤–Ω—è
gui_local_save_stat_3,–í–µ—Ä—Å–∏—è —É—Ä–æ–≤–Ω—è